Workbook

Sheet Dashboard
A1: Name: | B1: Phuwadol Kongkham
A2: ID: | B2: 6631202026
E3: Trade performance index | F3: 2019 | G3: =+F3+1 -> 2020 | H3: =+G3+1 -> 2021 | I3: =+H3+1 -> 2022 | J3: =+I3+1 -> 2023
A4: Product: | B4: Clothing accessories, of textile fabrics | E4: Finland | F4: 8 | G4: 10 | H4: 8 | I4: 8 | J4: 9
E5: France | F5: 3 | G5: 4 | H5: 3 | I5: 2 | J5: 2
A6: Year: | B6: 2019-2023 | E6: Germany | F6: 2 | G6: 2 | H6: 2 | I6: 3 | J6: 3
E7: Iceland | F7: 10 | G7: 9 | H7: 10 | I7: 10 | J7: 10
A8: Countries: | B8: Finland | E8: Italy | F8: 1 | G8: 1 | H8: 1 | I8: 1 | J8: 1
B9: France | E9: Spain | F9: 5 | G9: 5 | H9: 4 | I9: 5 | J9: 4
B10: Germany | E10: Sweden | F10: 4 | G10: 3 | H10: 5 | I10: 4 | J10: 5
B11: Iceland | E11: Switzerland | F11: 7 | G11: 7 | H11: 7 | I11: 7 | J11: 6
B12: Italy | E12: United Kingdom | F12: 6 | G12: 6 | H12: 9 | I12: 6 | J12: 7
B13: Spain | E13: United States | F13: 9 | G13: 8 | H13: 6 | I13: 9 | J13: 8
B14: Sweden
B15: Switzerland
B16: United Kingdom
B17: United States
E25: Analysis: In 2023, Finland's Trade Performance Index (TPI) ranking declined to 9th place from 8th in 2022, indicating challenges in its export sector. This downward trend reflects broader economic difficulties, as Finland entered a recession with a slow recovery anticipated. BOFBULLETIN.FI A significant factor contributing to this decline is the decrease in Finnish exports, which began to falter at the end of 2022 and continued into 2023. Notably, export growth has been markedly weaker than the growth in Finland’s export markets for two years now. Although Finnish exports increased by slightly over 3.5% in 2022, the growth in Finland’s export markets was a little over 6%. BOFBULLETIN.FI Additionally, Finland's export performance has been affected by external factors such as the war in Ukraine. In 2022, Finnish exports of goods to Russia accounted for 2.6% of total exports, down from 5.4% in 2021, reflecting a significant decrease in trade with Russia. ECONOMY-FINANCE.EC.EUROPA.EU To address these challenges and improve its trade performance, Finland may need to reassess its export strategies, diversify its markets, and enhance the competitiveness of its key industries.
E32: Top 3 Trade Performance index in 2023
E33: In 2023, the top three countries in the Trade Performance Index (TPI) were Italy, Germany, and France, maintaining their strong positions in global trade.
E35: Italy continued to lead the TPI rankings, holding the 1st position consistently from 2019 through 2023. This sustained top ranking underscores Italy's robust export performance and competitive advantage in international markets.
E37: Germany maintained its 3rd position in 2023, reflecting its enduring strength in global trade. Germany's consistent performance highlights its well-established industrial base and export capabilities.
E39: France secured the 2nd position in 2023, improving from its 4th place ranking in 2020. This upward movement indicates France's enhanced trade performance and competitiveness in recent years.
E41: These rankings illustrate the sustained trade competitiveness of these European economies, driven by their diversified export portfolios and strong industrial sectors.

Sheet Trade indicators
A6: Clothing accessories, of textile fabrics | B6: export | H6: import | N6: gdp | V6: Trade openness index (country level) | AE6: Export growth | AN6: Trade competitiveness index | AW6: Revealed comparative advantage index | BE6: Intra-industry trade | BM6: Export diversification | BU6: Export concentration
A7: Economy | B7: 2018 | C7: =+B7+1 -> 2019 | D7: =+C7+1 -> 2020 | E7: =+D7+1 -> 2021 | F7: =+E7+1 -> 2022 | G7: =+F7+1 -> 2023 | H7: 2018 | I7: =+H7+1 -> 2019 | J7: =+I7+1 -> 2020 | K7: =+J7+1 -> 2021 | L7: =+K7+1 -> 2022 | M7: =+L7+1 -> 2023 | N7: 2018 | O7: =+N7+1 -> 2019 | P7: =+O7+1 -> 2020 | Q7: =+P7+1 -> 2021 | R7: =+Q7+1 -> 2022 | S7: =+R7+1 -> 2023 | U7: Economy | V7: 2019 | W7: =+V7+1 -> 2020 | X7: =+W7+1 -> 2021 | Y7: =+X7+1 -> 2022 | Z7: =+Y7+1 -> 2023 | AA7: compound growth rate | AB7: ranking (2023) | AD7: Economy | AE7: 2019 | AF7: =+AE7+1 -> 2020 | AG7: =+AF7+1 -> 2021 | AH7: =+AG7+1 -> 2022 | AI7: =+AH7+1 -> 2023 | AJ7: compound growth rate | AK7: ranking (2023) | AM7: Economy | AN7: 2019 | AO7: =+AN7+1 -> 2020 | AP7: =+AO7+1 -> 2021 | AQ7: =+AP7+1 -> 2022 | AR7: =+AQ7+1 -> 2023 | AS7: compound growth rate | AT7: ranking (2023) | AV7: Economy | AW7: 2019 | AX7: =+AW7+1 -> 2020 | AY7: =+AX7+1 -> 2021 | AZ7: =+AY7+1 -> 2022 | BA7: =+AZ7+1 -> 2023 | BB7: compound growth rate | BD7: Economy | BE7: 2019 | BF7: =+BE7+1 -> 2020 | BG7: =+BF7+1 -> 2021 | BH7: =+BG7+1 -> 2022 | BI7: =+BH7+1 -> 2023 | BJ7: compound growth rate | BL7: Economy | BM7: 2019 | BN7: =+BM7+1 -> 2020 | BO7: =+BN7+1 -> 2021 | BP7: =+BO7+1 -> 2022 | BQ7: =+BP7+1 -> 2023 | BR7: compound growth rate | BT7: Economy | BU7: 2019 | BV7: =+BU7+1 -> 2020 | BW7: =+BV7+1 -> 2021 | BX7: =+BW7+1 -> 2022 | BY7: =+BX7+1 -> 2023 | BZ7: compound growth rate
A8: Finland | B8: 16631 | C8: 18341 | D8: 13752 | E8: 17389 | F8: 18861 | G8: 17560 | H8: 131366 | I8: 123720 | J8: 120628 | K8: 126613 | L8: 151169 | M8: 135024 | N8: 2760000000 | O8: 2690000000 | P8: 2720000000 | Q8: 2970000000 | R8: 2830000000 | S8: 3040000000 | U8: Economy | V8: =(C33+I33)/(O8)*100 -> 5.4482912 | W8: =(D33+J33)/(P8)*100 -> 4.9218198 | X8: =(E33+K33)/(Q8)*100 -> 5.6486141 | Y8: =(F33+L33)/(R8)*100 -> 6.4877277 | Z8: =(G33+M33)/(S8)*100 -> 5.4493871 | AA8: =(Z8/V8)^(1/($Z$7-$V$7))-1 -> 5.0283336e-05 | AB8: =RANK(Z8,$Z$8:$Z$29,0) -> 6 | AD8: Finland | AE8: =(C8-B8)/B8 -> 0.10282003 | AF8: =(D8-C8)/C8 -> -0.25020446 | AG8: =(E8-D8)/D8 -> 0.26447062 | AH8: =(F8-E8)/E8 -> 0.084651216 | AI8: =(G8-F8)/F8 -> -0.068978315 | AJ8: =(G8/B8)^(1/($G$7-$B$7))-1 -> 0.010930337 | AK8: =RANK(AI8,$AI$8:$AI$29,0) -> 9 | AM8: Finland | AN8: =(C8/C$18)*100 -> 0.059274589 | AO8: =(D8/D$18)*100 -> 0.051456765 | AP8: =(E8/E$18)*100 -> 0.055106603 | AQ8: =(F8/F$18)*100 -> 0.055257123 | AR8: =(G8/G$18)*100 -> 0.052678237 | AS8: =(AR8/AN8)^(1/($Z$7-$V$7))-1 -> -0.029063853 | AT8: =RANK(AR8,$AR$8:$AR$29,0) -> 10 | AV8: Finland | AW8: =(C8/C$18)/(C33/C$43) -> 0.14496587 | AX8: =(D8/D$18)/(D33/D$43) -> 0.15203821 | AY8: =(E8/E$18)/(E33/E$43) -> 0.13265385 | AZ8: =(F8/F$18)/(F33/F$43) -> 0.12065341 | BA8: =(G8/G$18)/(G33/G$43) -> 0.12199008 | BB8: =(BA8/AW8)^(1/($Z$7-$V$7))-1 -> -0.04222237 | BD8: Finland | BE8: =1-(ABS(C8-I8)/(C8+I8)) -> 0.25821302 | BF8: =1-(ABS(D8-J8)/(D8+J8)) -> 0.20467331 | BG8: =1-(ABS(E8-K8)/(E8+K8)) -> 0.24151053 | BH8: =1-(ABS(F8-L8)/(F8+L8)) -> 0.22185497 | BI8: =1-(ABS(G8-M8)/(G8+M8)) -> 0.2301683 | BJ8: =(BI8/BE8)^(1/($Z$7-$V$7))-1 -> -0.028334365 | BL8: Finland | BM8: =+H58 -> 0.517 | BN8: =+I58 -> 0.516 | BO8: =+J58 -> 0.522 | BP8: =+K58 -> 0.518 | BQ8: =+L58 -> 0.511 | BR8: =(BQ8/BM8)^(1/($Z$7-$V$7))-1 -> -0.0029140669 | BT8: Finland | BU8: =+C58 -> 0.134 | BV8: =+D58 -> 0.127 | BW8: =+E58 -> 0.128 | BX8: =+F58 -> 0.126 | BY8: =+G58 -> 0.119 | BZ8: =(BY8/BU8)^(1/($Z$7-$V$7))-1 -> -0.029242978
A9: France | B9: 1066042 | C9: 1059057 | D9: 878941 | E9: 1004891 | F9: 1231581 | G9: 1334873 | H9: 1664986 | I9: 1638563 | J9: 1391493 | K9: 1614638 | L9: 1765925 | M9: 1686774 | N9: 27900000000 | O9: 27300000000 | P9: 26500000000 | Q9: 29600000000 | R9: 27800000000 | S9: 30400000000 | U9: Finland | V9: =(C34+I34)/(O9)*100 -> 4.3919414 | W9: =(D34+J34)/(P9)*100 -> 4.0339623 | X9: =(E34+K34)/(Q9)*100 -> 4.3952703 | Y9: =(F34+L34)/(R9)*100 -> 5.1690647 | Z9: =(G34+M34)/(S9)*100 -> 4.6611842 | AA9: =(Z9/V9)^(1/($Z$7-$V$7))-1 -> 0.014985721 | AB9: =RANK(Z9,$Z$8:$Z$29,0) -> 8 | AD9: France | AE9: =(C9-B9)/B9 -> -0.0065522747 | AF9: =(D9-C9)/C9 -> -0.17007205 | AG9: =(E9-D9)/D9 -> 0.14329745 | AH9: =(F9-E9)/E9 -> 0.22558666 | AI9: =(G9-F9)/F9 -> 0.083869433 | AJ9: =(G9/B9)^(1/($G$7-$B$7))-1 -> 0.046003473 | AK9: =RANK(AI9,$AI$8:$AI$29,0) -> 3 | AM9: France | AN9: =(C9/C$18)*100 -> 3.4226688 | AO9: =(D9/D$18)*100 -> 3.2887915 | AP9: =(E9/E$18)*100 -> 3.1845494 | AQ9: =(F9/F$18)*100 -> 3.6081662 | AR9: =(G9/G$18)*100 -> 4.004485 | AS9: =(AR9/AN9)^(1/($Z$7-$V$7))-1 -> 0.040028997 | AT9: =RANK(AR9,$AR$8:$AR$29,0) -> 4 | AV9: France | AW9: =(C9/C$18)/(C34/C$43) -> 1.0966103 | AX9: =(D9/D$18)/(D34/D$43) -> 1.3064019 | AY9: =(E9/E$18)/(E34/E$43) -> 1.0679905 | AZ9: =(F9/F$18)/(F34/F$43) -> 1.0992562 | BA9: =(G9/G$18)/(G34/G$43) -> 1.1963836 | BB9: =(BA9/AW9)^(1/($Z$7-$V$7))-1 -> 0.022008558 | BD9: France | BE9: =1-(ABS(C9-I9)/(C9+I9)) -> 0.78517879 | BF9: =1-(ABS(D9-J9)/(D9+J9)) -> 0.77424933 | BG9: =1-(ABS(E9-K9)/(E9+K9)) -> 0.76723029 | BH9: =1-(ABS(F9-L9)/(F9+L9)) -> 0.82173714 | BI9: =1-(ABS(G9-M9)/(G9+M9)) -> 0.88354 | BJ9: =(BI9/BE9)^(1/($Z$7-$V$7))-1 -> 0.029945904 | BL9: France | BM9: =+H59 -> 0.333 | BN9: =+I59 -> 0.335 | BO9: =+J59 -> 0.33 | BP9: =+K59 -> 0.329 | BQ9: =+L59 -> 0.332 | BR9: =(BQ9/BM9)^(1/($Z$7-$V$7))-1 -> -0.00075159767 | BT9: France | BU9: =+C59 -> 0.093 | BV9: =+D59 -> 0.08 | BW9: =+E59 -> 0.068 | BX9: =+F59 -> 0.065 | BY9: =+G59 -> 0.07 | BZ9: =(BY9/BU9)^(1/($Z$7-$V$7))-1 -> -0.068562384
A10: Germany | B10: 1235367 | C10: 1242332 | D10: 1150003 | E10: 1331890 | F10: 1384510 | G10: 1365252 | H10: 2165479 | I10: 2076944 | J10: 1974367 | K10: 2225359 | L10: 2483835 | M10: 2144477 | N10: 39700000000 | O10: 38900000000 | P10: 38900000000 | Q10: 42800000000 | R10: 40800000000 | S10: 44600000000 | U10: France | V10: =(C35+I35)/(O10)*100 -> 7.0179949 | W10: =(D35+J35)/(P10)*100 -> 6.5809769 | X10: =(E35+K35)/(Q10)*100 -> 7.1495327 | Y10: =(F35+L35)/(R10)*100 -> 8.0392157 | Z10: =(G35+M35)/(S10)*100 -> 7.1076233 | AA10: =(Z10/V10)^(1/($Z$7-$V$7))-1 -> 0.0031776306 | AB10: =RANK(Z10,$Z$8:$Z$29,0) -> 2 | AD10: Germany | AE10: =(C10-B10)/B10 -> 0.0056380007 | AF10: =(D10-C10)/C10 -> -0.074319103 | AG10: =(E10-D10)/D10 -> 0.1581622 | AH10: =(F10-E10)/E10 -> 0.039507767 | AI10: =(G10-F10)/F10 -> -0.013909614 | AJ10: =(G10/B10)^(1/($G$7-$B$7))-1 -> 0.02019541 | AK10: =RANK(AI10,$AI$8:$AI$29,0) -> 6 | AM10: Germany | AN10: =(C10/C$18)*100 -> 4.0149784 | AO10: =(D10/D$18)*100 -> 4.303042 | AP10: =(E10/E$18)*100 -> 4.2208255 | AQ10: =(F10/F$18)*100 -> 4.0562027 | AR10: =(G10/G$18)*100 -> 4.0956189 | AS10: =(AR10/AN10)^(1/($Z$7-$V$7))-1 -> 0.0049838482 | AT10: =RANK(AR10,$AR$8:$AR$29,0) -> 3 | AV10: Germany | AW10: =(C10/C$18)/(C35/C$43) -> 0.48001984 | AX10: =(D10/D$18)/(D35/D$43) -> 0.60009648 | AY10: =(E10/E$18)/(E35/E$43) -> 0.50492724 | AZ10: =(F10/F$18)/(F35/F$43) -> 0.45189113 | BA10: =(G10/G$18)/(G35/G$43) -> 0.4606535 | BB10: =(BA10/AW10)^(1/($Z$7-$V$7))-1 -> -0.010242506 | BD10: Germany | BE10: =1-(ABS(C10-I10)/(C10+I10)) -> 0.74855601 | BF10: =1-(ABS(D10-J10)/(D10+J10)) -> 0.73615033 | BG10: =1-(ABS(E10-K10)/(E10+K10)) -> 0.74883147 | BH10: =1-(ABS(F10-L10)/(F10+L10)) -> 0.71581516 | BI10: =1-(ABS(G10-M10)/(G10+M10)) -> 0.77798143 | BJ10: =(BI10/BE10)^(1/($Z$7-$V$7))-1 -> 0.0096857635 | BL10: Germany | BM10: =+H60 -> 0.311 | BN10: =+I60 -> 0.304 | BO10: =+J60 -> 0.293 | BP10: =+K60 -> 0.303 | BQ10: =+L60 -> 0.325 | BR10: =(BQ10/BM10)^(1/($Z$7-$V$7))-1 -> 0.011068879 | BT10: Germany | BU10: =+C60 -> 0.091 | BV10: =+D60 -> 0.085 | BW10: =+E60 -> 0.082 | BX10: =+F60 -> 0.088 | BY10: =+G60 -> 0.097 | BZ10: =(BY10/BU10)^(1/($Z$7-$V$7))-1 -> 0.016090955
A11: Iceland | B11: 190 | C11: 233 | D11: 248 | E11: 371 | F11: 354 | G11: 402 | H11: 14753 | I11: 13412 | J11: 13906 | K11: 19345 | L11: 20930 | M11: 19783 | N11: 263000000 | O11: 247000000 | P11: 216000000 | Q11: 256000000 | R11: 281000000 | S11: 304000000 | U11: Germany | V11: =(C36+I36)/(O11)*100 -> 4.7803097 | W11: =(D36+J36)/(P11)*100 -> 4.7579144 | X11: =(E36+K36)/(Q11)*100 -> 5.3952402 | Y11: =(F36+L36)/(R11)*100 -> 6.0668114 | Z11: =(G36+M36)/(S11)*100 -> 5.3545036 | AA11: =(Z11/V11)^(1/($Z$7-$V$7))-1 -> 0.028764087 | AB11: =RANK(Z11,$Z$8:$Z$29,0) -> 7 | AD11: Iceland | AE11: =(C11-B11)/B11 -> 0.22631579 | AF11: =(D11-C11)/C11 -> 0.064377682 | AG11: =(E11-D11)/D11 -> 0.49596774 | AH11: =(F11-E11)/E11 -> -0.045822102 | AI11: =(G11-F11)/F11 -> 0.13559322 | AJ11: =(G11/B11)^(1/($G$7-$B$7))-1 -> 0.16170134 | AK11: =RANK(AI11,$AI$8:$AI$29,0) -> 2 | AM11: Iceland | AN11: =(C11/C$18)*100 -> 0.00075301125 | AO11: =(D11/D$18)*100 -> 0.00092795795 | AP11: =(E11/E$18)*100 -> 0.0011757174 | AQ11: =(F11/F$18)*100 -> 0.0010371148 | AR11: =(G11/G$18)*100 -> 0.0012059596 | AS11: =(AR11/AN11)^(1/($Z$7-$V$7))-1 -> 0.12494898 | AT11: =RANK(AR11,$AR$8:$AR$29,0) -> 11 | AV11: Iceland | AW11: =(C11/C$18)/(C36/C$43) -> 0.025656543 | AX11: =(D11/D$18)/(D36/D$43) -> 0.039272067 | AY11: =(E11/E$18)/(E36/E$43) -> 0.038612833 | AZ11: =(F11/F$18)/(F36/F$43) -> 0.026373829 | BA11: =(G11/G$18)/(G36/G$43) -> 0.033872428 | BB11: =(BA11/AW11)^(1/($Z$7-$V$7))-1 -> 0.071919197 | BD11: Iceland | BE11: =1-(ABS(C11-I11)/(C11+I11)) -> 0.034151704 | BF11: =1-(ABS(D11-J11)/(D11+J11)) -> 0.035043097 | BG11: =1-(ABS(E11-K11)/(E11+K11)) -> 0.037634409 | BH11: =1-(ABS(F11-L11)/(F11+L11)) -> 0.033264424 | BI11: =1-(ABS(G11-M11)/(G11+M11)) -> 0.039831558 | BJ11: =(BI11/BE11)^(1/($Z$7-$V$7))-1 -> 0.039210987 | BL11: Iceland | BM11: =+H61 -> 0.793 | BN11: =+I61 -> 0.793 | BO11: =+J61 -> 0.824 | BP11: =+K61 -> 0.8 | BQ11: =+L61 -> 0.783 | BR11: =(BQ11/BM11)^(1/($Z$7-$V$7))-1 -> -0.0031676039 | BT11: Iceland | BU11: =+C61 -> 0.442 | BV11: =+D61 -> 0.466 | BW11: =+E61 -> 0.48 | BX11: =+F61 -> 0.466 | BY11: =+G61 -> 0.432 | BZ11: =(BY11/BU11)^(1/($Z$7-$V$7))-1 -> -0.0057047393
A12: Italy | B12: 2309922 | C12: 2346768 | D12: 2128995 | E12: 2537671 | F12: 2564253 | G12: 2526168 | H12: 947446 | I12: 941968 | J12: 753652 | K12: 871162 | L12: 1005447 | M12: 1017704 | N12: 20900000000 | O12: 20100000000 | P12: 19000000000 | Q12: 21600000000 | R12: 20500000000 | S12: 22300000000 | U12: Iceland | V12: =(C37+I37)/(O12)*100 -> 5.039801 | W12: =(D37+J37)/(P12)*100 -> 4.8684211 | X12: =(E37+K37)/(Q12)*100 -> 5.4814815 | Y12: =(F37+L37)/(R12)*100 -> 6.604878 | Z12: =(G37+M37)/(S12)*100 -> 5.9058296 | AA12: =(Z12/V12)^(1/($Z$7-$V$7))-1 -> 0.040439618 | AB12: =RANK(Z12,$Z$8:$Z$29,0) -> 4 | AD12: Italy | AE12: =(C12-B12)/B12 -> 0.015951188 | AF12: =(D12-C12)/C12 -> -0.092796987 | AG12: =(E12-D12)/D12 -> 0.19195724 | AH12: =(F12-E12)/E12 -> 0.010474959 | AI12: =(G12-F12)/F12 -> -0.014852279 | AJ12: =(G12/B12)^(1/($G$7-$B$7))-1 -> 0.018059083 | AK12: =RANK(AI12,$AI$8:$AI$29,0) -> 7 | AM12: Italy | AN12: =(C12/C$18)*100 -> 7.5843034 | AO12: =(D12/D$18)*100 -> 7.9662009 | AP12: =(E12/E$18)*100 -> 8.0420052 | AQ12: =(F12/F$18)*100 -> 7.512499 | AR12: =(G12/G$18)*100 -> 7.5782504 | AS12: =(AR12/AN12)^(1/($Z$7-$V$7))-1 -> -0.00019958533 | AT12: =RANK(AR12,$AR$8:$AR$29,0) -> 2 | AV12: Italy | AW12: =(C12/C$18)/(C37/C$43) -> 2.511283 | AX12: =(D12/D$18)/(D37/D$43) -> 3.0946462 | AY12: =(E12/E$18)/(E37/E$43) -> 2.5612908 | AZ12: =(F12/F$18)/(F37/F$43) -> 2.1463467 | BA12: =(G12/G$18)/(G37/G$43) -> 2.1403463 | BB12: =(BA12/AW12)^(1/($Z$7-$V$7))-1 -> -0.039168806 | BD12: Italy | BE12: =1-(ABS(C12-I12)/(C12+I12)) -> 0.57284501 | BF12: =1-(ABS(D12-J12)/(D12+J12)) -> 0.52288886 | BG12: =1-(ABS(E12-K12)/(E12+K12)) -> 0.51112037 | BH12: =1-(ABS(F12-L12)/(F12+L12)) -> 0.56332297 | BI12: =1-(ABS(G12-M12)/(G12+M12)) -> 0.5743458 | BJ12: =(BI12/BE12)^(1/($Z$7-$V$7))-1 -> 0.00065433063 | BL12: Italy | BM12: =+H62 -> 0.357 | BN12: =+I62 -> 0.355 | BO12: =+J62 -> 0.345 | BP12: =+K62 -> 0.353 | BQ12: =+L62 -> 0.366 | BR12: =(BQ12/BM12)^(1/($Z$7-$V$7))-1 -> 0.0062437997 | BT12: Italy | BU12: =+C62 -> 0.056 | BV12: =+D62 -> 0.058 | BW12: =+E62 -> 0.053 | BX12: =+F62 -> 0.06 | BY12: =+G62 -> 0.062 | BZ12: =(BY12/BU12)^(1/($Z$7-$V$7))-1 -> 0.025772178
A13: Spain | B13: 441646 | C13: 391782 | D13: 295092 | E13: 375671 | F13: 396316 | G13: 419105 | H13: 684383 | I13: 674709 | J13: 524195 | K13: 618840 | L13: 726883 | M13: 686366 | N13: 14200000000 | O13: 13900000000 | P13: 12800000000 | Q13: 14500000000 | R13: 14200000000 | S13: 16000000000 | U13: Italy | V13: =(C38+I38)/(O13)*100 -> 5.1223022 | W13: =(D38+J38)/(P13)*100 -> 5.015625 | X13: =(E38+K38)/(Q13)*100 -> 5.6413793 | Y13: =(F38+L38)/(R13)*100 -> 6.5 | Z13: =(G38+M38)/(S13)*100 -> 5.55625 | AA13: =(Z13/V13)^(1/($Z$7-$V$7))-1 -> 0.02053792 | AB13: =RANK(Z13,$Z$8:$Z$29,0) -> 5 | AD13: Spain | AE13: =(C13-B13)/B13 -> -0.11290491 | AF13: =(D13-C13)/C13 -> -0.24679541 | AG13: =(E13-D13)/D13 -> 0.27306399 | AH13: =(F13-E13)/E13 -> 0.054955001 | AI13: =(G13-F13)/F13 -> 0.057502094 | AJ13: =(G13/B13)^(1/($G$7-$B$7))-1 -> -0.010422737 | AK13: =RANK(AI13,$AI$8:$AI$29,0) -> 4 | AM13: Spain | AN13: =(C13/C$18)*100 -> 1.2661642 | AO13: =(D13/D$18)*100 -> 1.1041652 | AP13: =(E13/E$18)*100 -> 1.19052 | AQ13: =(F13/F$18)*100 -> 1.1610881 | AR13: =(G13/G$18)*100 -> 1.2572729 | AS13: =(AR13/AN13)^(1/($Z$7-$V$7))-1 -> -0.0017601906 | AT13: =RANK(AR13,$AR$8:$AR$29,0) -> 6 | AV13: Spain | AW13: =(C13/C$18)/(C38/C$43) -> 0.66930236 | AX13: =(D13/D$18)/(D38/D$43) -> 0.6860247 | AY13: =(E13/E$18)/(E38/E$43) -> 0.59583484 | AZ13: =(F13/F$18)/(F38/F$43) -> 0.51558488 | BA13: =(G13/G$18)/(G38/G$43) -> 0.57237945 | BB13: =(BA13/AW13)^(1/($Z$7-$V$7))-1 -> -0.038353583 | BD13: Spain | BE13: =1-(ABS(C13-I13)/(C13+I13)) -> 0.73471225 | BF13: =1-(ABS(D13-J13)/(D13+J13)) -> 0.72036295 | BG13: =1-(ABS(E13-K13)/(E13+K13)) -> 0.75548888 | BH13: =1-(ABS(F13-L13)/(F13+L13)) -> 0.70569151 | BI13: =1-(ABS(G13-M13)/(G13+M13)) -> 0.75823789 | BJ13: =(BI13/BE13)^(1/($Z$7-$V$7))-1 -> 0.007910689 | BL13: Spain | BM13: =+H63 -> 0.341 | BN13: =+I63 -> 0.342 | BO13: =+J63 -> 0.358 | BP13: =+K63 -> 0.355 | BQ13: =+L63 -> 0.354 | BR13: =(BQ13/BM13)^(1/($Z$7-$V$7))-1 -> 0.0093974907 | BT13: Spain | BU13: =+C63 -> 0.099 | BV13: =+D63 -> 0.099 | BW13: =+E63 -> 0.089 | BX13: =+F63 -> 0.09 | BY13: =+G63 -> 0.092 | BZ13: =(BY13/BU13)^(1/($Z$7-$V$7))-1 -> -0.018165794
A14: Sweden | B14: 133842 | C14: 151377 | D14: 152586 | E14: 188624 | F14: 203400 | G14: 206730 | H14: 283672 | I14: 283450 | J14: 253210 | K14: 324893 | L14: 344610 | M14: 311660 | N14: 5550000000 | O14: 5340000000 | P14: 5470000000 | Q14: 6400000000 | R14: 5910000000 | S14: 5900000000 | U14: Spain | V14: =(C39+I39)/(O14)*100 -> 5.9925094 | W14: =(D39+J39)/(P14)*100 -> 5.5575868 | X14: =(E39+K39)/(Q14)*100 -> 5.890625 | Y14: =(F39+L39)/(R14)*100 -> 6.78511 | Z14: =(G39+M39)/(S14)*100 -> 6.6271186 | AA14: =(Z14/V14)^(1/($Z$7-$V$7))-1 -> 0.025484277 | AB14: =RANK(Z14,$Z$8:$Z$29,0) -> 3 | AD14: Sweden | AE14: =(C14-B14)/B14 -> 0.13101269 | AF14: =(D14-C14)/C14 -> 0.0079866823 | AG14: =(E14-D14)/D14 -> 0.23618156 | AH14: =(F14-E14)/E14 -> 0.078335737 | AI14: =(G14-F14)/F14 -> 0.016371681 | AJ14: =(G14/B14)^(1/($G$7-$B$7))-1 -> 0.09084292 | AK14: =RANK(AI14,$AI$8:$AI$29,0) -> 5 | AM14: Sweden | AN14: =(C14/C$18)*100 -> 0.48922139 | AO14: =(D14/D$18)*100 -> 0.57094109 | AP14: =(E14/E$18)*100 -> 0.59775881 | AQ14: =(F14/F$18)*100 -> 0.59590153 | AR14: =(G14/G$18)*100 -> 0.62016924 | AS14: =(AR14/AN14)^(1/($Z$7-$V$7))-1 -> 0.061087497 | AT14: =RANK(AR14,$AR$8:$AR$29,0) -> 8 | AV14: Sweden | AW14: =(C14/C$18)/(C39/C$43) -> 0.5413047 | AX14: =(D14/D$18)/(D39/D$43) -> 0.71403565 | AY14: =(E14/E$18)/(E39/E$43) -> 0.61723087 | AZ14: =(F14/F$18)/(F39/F$43) -> 0.56664385 | BA14: =(G14/G$18)/(G39/G$43) -> 0.59889239 | BB14: =(BA14/AW14)^(1/($Z$7-$V$7))-1 -> 0.025597016 | BD14: Sweden | BE14: =1-(ABS(C14-I14)/(C14+I14)) -> 0.69626311 | BF14: =1-(ABS(D14-J14)/(D14+J14)) -> 0.75203304 | BG14: =1-(ABS(E14-K14)/(E14+K14)) -> 0.73463585 | BH14: =1-(ABS(F14-L14)/(F14+L14)) -> 0.74232222 | BI14: =1-(ABS(G14-M14)/(G14+M14)) -> 0.79758483 | BJ14: =(BI14/BE14)^(1/($Z$7-$V$7))-1 -> 0.034548546 | BL14: Sweden | BM14: =+H64 -> 0.361 | BN14: =+I64 -> 0.354 | BO14: =+J64 -> 0.347 | BP14: =+K64 -> 0.353 | BQ14: =+L64 -> 0.37 | BR14: =(BQ14/BM14)^(1/($Z$7-$V$7))-1 -> 0.0061752506 | BT14: Sweden | BU14: =+C64 -> 0.096 | BV14: =+D64 -> 0.093 | BW14: =+E64 -> 0.088 | BX14: =+F64 -> 0.092 | BY14: =+G64 -> 0.095 | BZ14: =(BY14/BU14)^(1/($Z$7-$V$7))-1 -> -0.0026144015
A15: Switzerland | B15: 86131 | C15: 82723 | D15: 78069 | E15: 90450 | F15: 84715 | G15: 106610 | H15: 355623 | I15: 347148 | J15: 338543 | K15: 392750 | L15: 394320 | M15: 403220 | N15: 7260000000 | O15: 7210000000 | P15: 7420000000 | Q15: 8130000000 | R15: 8180000000 | S15: 8870000000 | U15: Sweden | V15: =(C40+I40)/(O15)*100 -> 8.1830791 | W15: =(D40+J40)/(P15)*100 -> 8.2075472 | X15: =(E40+K40)/(Q15)*100 -> 8.6469865 | Y15: =(F40+L40)/(R15)*100 -> 9.2420538 | Z15: =(G40+M40)/(S15)*100 -> 8.8500564 | AA15: =(Z15/V15)^(1/($Z$7-$V$7))-1 -> 0.019781954 | AB15: =RANK(Z15,$Z$8:$Z$29,0) -> 1 | AD15: Switzerland | AE15: =(C15-B15)/B15 -> -0.039567635 | AF15: =(D15-C15)/C15 -> -0.056260049 | AG15: =(E15-D15)/D15 -> 0.15859048 | AH15: =(F15-E15)/E15 -> -0.063405196 | AI15: =(G15-F15)/F15 -> 0.25845482 | AJ15: =(G15/B15)^(1/($G$7-$B$7))-1 -> 0.04358467 | AK15: =RANK(AI15,$AI$8:$AI$29,0) -> 1 | AM15: Switzerland | AN15: =(C15/C$18)*100 -> 0.26734485 | AO15: =(D15/D$18)*100 -> 0.29211592 | AP15: =(E15/E$18)*100 -> 0.28664054 | AQ15: =(F15/F$18)*100 -> 0.24818977 | AR15: =(G15/G$18)*100 -> 0.3198193 | AS15: =(AR15/AN15)^(1/($Z$7-$V$7))-1 -> 0.045823055 | AT15: =RANK(AR15,$AR$8:$AR$29,0) -> 9 | AV15: Switzerland | AW15: =(C15/C$18)/(C40/C$43) -> 0.15167165 | AX15: =(D15/D$18)/(D40/D$43) -> 0.17751082 | AY15: =(E15/E$18)/(E40/E$43) -> 0.14798894 | AZ15: =(F15/F$18)/(F40/F$43) -> 0.11682203 | BA15: =(G15/G$18)/(G40/G$43) -> 0.14559925 | BB15: =(BA15/AW15)^(1/($Z$7-$V$7))-1 -> -0.010163007 | BD15: Switzerland | BE15: =1-(ABS(C15-I15)/(C15+I15)) -> 0.3848736 | BF15: =1-(ABS(D15-J15)/(D15+J15)) -> 0.37478037 | BG15: =1-(ABS(E15-K15)/(E15+K15)) -> 0.37437914 | BH15: =1-(ABS(F15-L15)/(F15+L15)) -> 0.35369023 | BI15: =1-(ABS(G15-M15)/(G15+M15)) -> 0.41821784 | BJ15: =(BI15/BE15)^(1/($Z$7-$V$7))-1 -> 0.020989103 | BL15: Switzerland | BM15: =+H65 -> 0.636 | BN15: =+I65 -> 0.64 | BO15: =+J65 -> 0.644 | BP15: =+K65 -> 0.66 | BQ15: =+L65 -> 0.674 | BR15: =(BQ15/BM15)^(1/($Z$7-$V$7))-1 -> 0.014613637 | BT15: Switzerland | BU15: =+C65 -> 0.25 | BV15: =+D65 -> 0.273 | BW15: =+E65 -> 0.271 | BX15: =+F65 -> 0.28 | BY15: =+G65 -> 0.286 | BZ15: =(BY15/BU15)^(1/($Z$7-$V$7))-1 -> 0.034204698
A16: United Kingdom | B16: 541081 | C16: 459894 | D16: 379554 | E16: 316230 | F16: 350769 | G16: 315593 | H16: 1433783 | I16: 1395023 | J16: 1102364 | K16: 1099676 | L16: 1297276 | M16: 1188177 | N16: 28700000000 | O16: 28500000000 | P16: 27000000000 | Q16: 31400000000 | R16: 30900000000 | S16: 33400000000 | U16: Switzerland | V16: =(C41+I41)/(O16)*100 -> 4.0701754 | W16: =(D41+J41)/(P16)*100 -> 3.8148148 | X16: =(E41+K41)/(Q16)*100 -> 3.6910828 | Y16: =(F41+L41)/(R16)*100 -> 4.3915858 | Z16: =(G41+M41)/(S16)*100 -> 3.9311377 | AA16: =(Z16/V16)^(1/($Z$7-$V$7))-1 -> -0.0086516627 | AB16: =RANK(Z16,$Z$8:$Z$29,0) -> 10 | AD16: United Kingdom | AE16: =(C16-B16)/B16 -> -0.15004593 | AF16: =(D16-C16)/C16 -> -0.17469243 | AG16: =(E16-D16)/D16 -> -0.16683792 | AH16: =(F16-E16)/E16 -> 0.10922114 | AI16: =(G16-F16)/F16 -> -0.10028252 | AJ16: =(G16/B16)^(1/($G$7-$B$7))-1 -> -0.10221361 | AK16: =RANK(AI16,$AI$8:$AI$29,0) -> 11 | AM16: United Kingdom | AN16: =(C16/C$18)*100 -> 1.4862891 | AO16: =(D16/D$18)*100 -> 1.4202022 | AP16: =(E16/E$18)*100 -> 1.0021486 | AQ16: =(F16/F$18)*100 -> 1.0276489 | AR16: =(G16/G$18)*100 -> 0.94674731 | AS16: =(AR16/AN16)^(1/($Z$7-$V$7))-1 -> -0.10662725 | AT16: =RANK(AR16,$AR$8:$AR$29,0) -> 7 | AV16: United Kingdom | AW16: =(C16/C$18)/(C41/C$43) -> 0.56574363 | AX16: =(D16/D$18)/(D41/D$43) -> 0.69520886 | AY16: =(E16/E$18)/(E41/E$43) -> 0.41743268 | AZ16: =(F16/F$18)/(F41/F$43) -> 0.36165281 | BA16: =(G16/G$18)/(G41/G$43) -> 0.34745624 | BB16: =(BA16/AW16)^(1/($Z$7-$V$7))-1 -> -0.11474149 | BD16: United Kingdom | BE16: =1-(ABS(C16-I16)/(C16+I16)) -> 0.49586477 | BF16: =1-(ABS(D16-J16)/(D16+J16)) -> 0.51224697 | BG16: =1-(ABS(E16-K16)/(E16+K16)) -> 0.4466822 | BH16: =1-(ABS(F16-L16)/(F16+L16)) -> 0.42567891 | BI16: =1-(ABS(G16-M16)/(G16+M16)) -> 0.41973573 | BJ16: =(BI16/BE16)^(1/($Z$7-$V$7))-1 -> -0.04081325 | BL16: United Kingdom | BM16: =+H66 -> 0.324 | BN16: =+I66 -> 0.32 | BO16: =+J66 -> 0.323 | BP16: =+K66 -> 0.365 | BQ16: =+L66 -> 0.372 | BR16: =(BQ16/BM16)^(1/($Z$7-$V$7))-1 -> 0.035140933 | BT16: United Kingdom | BU16: =+C66 -> 0.105 | BV16: =+D66 -> 0.097 | BW16: =+E66 -> 0.114 | BX16: =+F66 -> 0.14 | BY16: =+G66 -> 0.139 | BZ16: =(BY16/BU16)^(1/($Z$7-$V$7))-1 -> 0.072645896
A17: United States | B17: 834742 | C17: 765234 | D17: 545955 | E17: 783508 | F17: 556503 | G17: 501466 | H17: 4932472 | I17: 5068165 | J17: 4381239 | K17: 5154804 | L17: 5615233 | M17: 4646194 | N17: 207000000000 | O17: 215000000000 | P17: 213000000000 | Q17: 236000000000 | R17: 257000000000 | S17: 273000000000 | U17: United Kingdom | V17: =(C42+I42)/(O17)*100 -> 1.9581395 | W17: =(D42+J42)/(P17)*100 -> 1.8028169 | X17: =(E42+K42)/(Q17)*100 -> 1.9830508 | Y17: =(F42+L42)/(R17)*100 -> 2.1128405 | Z17: =(G42+M42)/(S17)*100 -> 1.9010989 | AA17: =(Z17/V17)^(1/($Z$7-$V$7))-1 -> -0.0073634355 | AB17: =RANK(Z17,$Z$8:$Z$29,0) -> 11 | AD17: United States | AE17: =(C17-B17)/B17 -> -0.083268842 | AF17: =(D17-C17)/C17 -> -0.28655156 | AG17: =(E17-D17)/D17 -> 0.43511462 | AH17: =(F17-E17)/E17 -> -0.28972901 | AI17: =(G17-F17)/F17 -> -0.098897939 | AJ17: =(G17/B17)^(1/($G$7-$B$7))-1 -> -0.096895835 | AK17: =RANK(AI17,$AI$8:$AI$29,0) -> 10 | AM17: United States | AN17: =(C17/C$18)*100 -> 2.4730893 | AO17: =(D17/D$18)*100 -> 2.0428358 | AP17: =(E17/E$18)*100 -> 2.4829757 | AQ17: =(F17/F$18)*100 -> 1.6303884 | AR17: =(G17/G$18)*100 -> 1.5043476 | AS17: =(AR17/AN17)^(1/($Z$7-$V$7))-1 -> -0.11686499 | AT17: =RANK(AR17,$AR$8:$AR$29,0) -> 5 | AV17: United States | AW17: =(C17/C$18)/(C42/C$43) -> 0.26863228 | AX17: =(D17/D$18)/(D42/D$43) -> 0.27692217 | AY17: =(E17/E$18)/(E42/E$43) -> 0.27836182 | AZ17: =(F17/F$18)/(F42/F$43) -> 0.14901319 | BA17: =(G17/G$18)/(G42/G$43) -> 0.14239692 | BB17: =(BA17/AW17)^(1/($Z$7-$V$7))-1 -> -0.14673172 | BD17: United States | BE17: =1-(ABS(C17-I17)/(C17+I17)) -> 0.26236299 | BF17: =1-(ABS(D17-J17)/(D17+J17)) -> 0.22160889 | BG17: =1-(ABS(E17-K17)/(E17+K17)) -> 0.2638824 | BH17: =1-(ABS(F17-L17)/(F17+L17)) -> 0.18033921 | BI17: =1-(ABS(G17-M17)/(G17+M17)) -> 0.1948326 | BJ17: =(BI17/BE17)^(1/($Z$7-$V$7))-1 -> -0.071696975 | BL17: United States | BM17: =+H67 -> 0.24 | BN17: =+I67 -> 0.23 | BO17: =+J67 -> 0.232 | BP17: =+K67 -> 0.228 | BQ17: =+L67 -> 0.219 | BR17: =(BQ17/BM17)^(1/($Z$7-$V$7))-1 -> -0.022631769 | BT17: United States | BU17: =+C67 -> 0.101 | BV17: =+D67 -> 0.083 | BW17: =+E67 -> 0.083 | BX17: =+F67 -> 0.094 | BY17: =+G67 -> 0.097 | BZ17: =(BY17/BU17)^(1/($Z$7-$V$7))-1 -> -0.010051527
A18: World | B18: 31202744 | C18: 30942433 | D18: 26725349 | E18: 31555202 | F18: 34133156 | G18: 33334449 | H18: 28536824 | I18: 28219851 | J18: 24176100 | K18: 28488059 | L18: 31107220 | M18: 29072852 | N18: 866000000000 | O18: 877000000000 | P18: 855000000000 | Q18: 973000000000 | R18: 1010000000000 | S18: 1050000000000 | U18: World | V18: =(C43+I43)/(O18)*100 -> 4.0497883 | W18: =(D43+J43)/(P18)*100 -> 4.8696466 | X18: =(E43+K43)/(Q18)*100 -> 4.3269885 | Y18: =(F43+L43)/(R18)*100 -> 4.3186415 | Z18: =(G43+M43)/(S18)*100 -> 4.2479429 | AA18: =(Z18/V18)^(1/($Z$7-$V$7))-1 -> 0.012014153 | AD18: World | AE18: =(C18-B18)/B18 -> -0.0083425676 | AF18: =(D18-C18)/C18 -> -0.13628805 | AG18: =(E18-D18)/D18 -> 0.18072179 | AH18: =(F18-E18)/E18 -> 0.081696641 | AI18: =(G18-F18)/F18 -> -0.023399741 | AJ18: =(G18/B18)^(1/($G$7-$B$7))-1 -> 0.013304797 | AM18: World | AN18: =(C18/C$18)*100 -> 100 | AO18: =(D18/D$18)*100 -> 100 | AP18: =(E18/E$18)*100 -> 100 | AQ18: =(F18/F$18)*100 -> 100 | AR18: =(G18/G$18)*100 -> 100 | AV18: World | AW18: =(B18/B43)/(B$18/B$43) -> 1 | AX18: =(C18/C43)/(C$18/C$43) -> 1 | AY18: =(D18/D43)/(D$18/D$43) -> 1 | AZ18: =(E18/E43)/(E$18/E$43) -> 1 | BA18: =(F18/F43)/(F$18/F$43) -> 1 | BB18: =(BA18/AW18)^(1/($Z$7-$V$7))-1 -> 0 | BD18: World | BE18: =1-(ABS(C18-I18)/(C18+I18)) -> 0.95398112 | BF18: =1-(ABS(D18-J18)/(D18+J18)) -> 0.94991795 | BG18: =1-(ABS(E18-K18)/(E18+K18)) -> 0.94891778 | BH18: =1-(ABS(F18-L18)/(F18+L18)) -> 0.95361866 | BI18: =1-(ABS(G18-M18)/(G18+M18)) -> 0.93171317 | BJ18: =(BI18/BE18)^(1/($Z$7-$V$7))-1 -> -0.0058873204 | BL18: World | BT18: World | BU18: =+C68 -> 0.068 | BV18: =+D68 -> 0.063 | BW18: =+E68 -> 0.064 | BX18: =+F68 -> 0.073 | BY18: =+G68 -> 0.069 | BZ18: =(BY18/BU18)^(1/($Z$7-$V$7))-1 -> 0.0036563681
V30: =+V6 -> Trade openness index (country level) | AE30: =+AE6 -> Export growth | AN30: =+AN6 -> Trade competitiveness index | AW30: =+AW6 -> Revealed comparative advantage index | BE30: =+BE6 -> Intra-industry trade | BM30: =+BM6 -> Export diversification | BU30: =+BU6 -> Export concentration
A31: TOTAL ALL PRODUCTS | B31: export | H31: import | V31: explain that a higher index indicates a more open economy, heavily depend on international trade. | AE31: explain that export growth refers to the change in a country's exports over a specific period. | AN31: explain that the TCI measures a country's ability to participate in and benefit from international trade. It is a basic measure of world market power. | AW31: explain that it measures a country's comparative advantage in exporting specific goods or services compared to the world average (in terms of labor costs and skills, resource endowments, technology and innovation etc). | BE31: explain that countries both import and export similar products within the same industry or the level of IIT between two countries for a specific product (economies of scale and scope, product differentiation). | BM31: explain how reliant a country's trade is on a limited number of partners or products. Higher values indicate greater concentration, while lower values signify more diversification. | BU31: explain how a country's reliance on a diverse range of products and trading partners. Higher values indicate better diversification, while lower values indicate greater concentration.
A32: Economy | B32: 2018 | C32: =+B32+1 -> 2019 | D32: =+C32+1 -> 2020 | E32: =+D32+1 -> 2021 | F32: =+E32+1 -> 2022 | G32: =+F32+1 -> 2023 | H32: 2018 | I32: =+H32+1 -> 2019 | J32: =+I32+1 -> 2020 | K32: =+J32+1 -> 2021 | L32: =+K32+1 -> 2022 | M32: =+L32+1 -> 2023 | U32: Explain: | AD32: Explain: The Trade Openness Index shows how much a country's economy depends on international trade. A higher index means the country trades more with other nations, relying heavily on exports and imports. For example, Sweden (8.85) and France (7.11) have high scores in 2023, meaning they are very open to trade. In contrast, the UK (1.90) and Switzerland (3.93) trade less compared to their overall economy. Countries like Iceland and Germany have increased their trade openness, while Switzerland and the UK have become less dependent on trade. The world average (4.25) suggests a moderate level of trade openness globally. | AM32: Explain:The Trade Competitiveness Index (TCI) measures how well a country competes in global trade and benefits from international markets. A higher TCI means a country has a strong position in global trade, selling more goods and services to the world. It reflects market power and the ability to attract demand for exports. For example, Italy (7.578) and Germany (4.096) have high TCI scores in 2023, showing strong global trade positions. France (4.004) has also grown in competitiveness, while the UK (0.947) and the US (1.504) have seen declines, meaning they are less competitive than before. Iceland (0.001) has the lowest score, indicating minimal global trade influence. | AV32: Explain:The Revealed Comparative Advantage (RCA) Index measures how competitive a country is in exporting specific goods or services compared to the world average. A higher RCA means the country has a stronger advantage in certain industries due to factors like lower labor costs, skilled workers, natural resources, advanced technology, or innovation. For example, if a country has a high RCA in a particular sector, it means it specializes in producing and exporting those goods more efficiently than other countries. This can be due to access to cheap raw materials, a well-developed workforce, or advanced manufacturing techniques. A lower RCA suggests the country does not have a strong competitive edge in that sector and relies more on imports. | BD32: Explain:Intra-Industry Trade (IIT) refers to a situation where countries both import and export similar goods within the same industry. This happens because of factors like economies of scale, where producing in larger quantities lowers costs, and product differentiation, where consumers demand variety in similar products, such as different car models or types of electronics. A higher IIT index means a country is actively trading similar products with others, showing strong industry integration in global markets. For example, European countries like France (0.884) and Sweden (0.798) have high IIT values, indicating they export and import similar goods within industries like automobiles or machinery. In contrast, the United States (0.195) and Iceland (0.040) have low IIT values, meaning they engage less in this type of trade, either due to specialization or reliance on different industries. | BL32: Explain:Export Diversification measures how dependent a country's trade is on a small number of products or trading partners. A higher value means the country’s exports are more concentrated, relying on fewer products or markets, which can make it more vulnerable to economic shocks. A lower value indicates more diversification, meaning the country exports a wider variety of goods to different markets, reducing risk. For example, Iceland (0.783) and Switzerland (0.674) have high values, meaning their exports are more concentrated in specific industries or markets. In contrast, the United States (0.219) and Germany (0.325) have lower values, showing they export a broader range of goods across multiple markets, making their economies more resilient to trade disruptions. The UK (0.372) has seen an increase, indicating its exports have become more concentrated over time. | BT32: Explain:The Export Concentration Index measures how much a country's exports are dominated by a few products or trading partners. A higher index value indicates greater concentration, meaning the country relies heavily on a limited range of exports or markets. Conversely, a lower index value signifies more diversification, with exports spread across a wider array of products and destinations. For instance, in 2023, Iceland had an index of 0.432, suggesting a higher concentration in its exports, while France had an index of 0.070, indicating a more diversified export portfolio.
A33: Finland | B33: 75258290 | C33: 72839176 | D33: 65606976 | E33: 81500265 | F33: 86228240 | G33: 82567753 | H33: 78352161 | I33: 73719857 | J33: 68266522 | K33: 86263574 | L33: 97374453 | M33: 83093615
A34: France | B34: 569000000 | C34: 556000000 | D34: 488000000 | E34: 585000000 | F34: 618000000 | G34: 640000000 | H34: 659000000 | I34: 643000000 | J34: 581000000 | K34: 716000000 | L34: 819000000 | M34: 777000000
A35: Germany | B35: 1560000000 | C35: 1490000000 | D35: 1390000000 | E35: 1640000000 | F35: 1690000000 | G35: 1700000000 | H35: 1290000000 | I35: 1240000000 | J35: 1170000000 | K35: 1420000000 | L35: 1590000000 | M35: 1470000000
A36: Iceland | B36: 5561476 | C36: 5228361 | D36: 4580415 | E36: 5973743 | F36: 7403797 | G36: 6807540 | H36: 7686033 | I36: 6579004 | J36: 5696680 | K36: 7838072 | L36: 9643943 | M36: 9470151
A37: Italy | B37: 550000000 | C37: 538000000 | D37: 499000000 | E37: 616000000 | F37: 659000000 | G37: 677000000 | H37: 504000000 | I37: 475000000 | J37: 426000000 | K37: 568000000 | L37: 695000000 | M37: 640000000
A38: Spain | B38: 346000000 | C38: 337000000 | D38: 312000000 | E38: 392000000 | F38: 424000000 | G38: 420000000 | H38: 391000000 | I38: 375000000 | J38: 330000000 | K38: 426000000 | L38: 499000000 | M38: 469000000
A39: Sweden | B39: 166000000 | C39: 161000000 | D39: 155000000 | E39: 190000000 | F39: 198000000 | G39: 198000000 | H39: 170000000 | I39: 159000000 | J39: 149000000 | K39: 187000000 | L39: 203000000 | M39: 193000000
A40: Switzerland | B40: 311000000 | C40: 314000000 | D40: 319000000 | E40: 380000000 | F40: 400000000 | G40: 420000000 | H40: 279000000 | I40: 276000000 | J40: 290000000 | K40: 323000000 | L40: 356000000 | M40: 365000000
A41: United Kingdom | B41: 491000000 | C41: 468000000 | D41: 396000000 | E41: 471000000 | F41: 535000000 | G41: 521000000 | H41: 672000000 | I41: 692000000 | J41: 634000000 | K41: 688000000 | L41: 822000000 | M41: 792000000
A42: United States | B42: 1670000000 | C42: 1640000000 | D42: 1430000000 | E42: 1750000000 | F42: 2060000000 | G42: 2020000000 | H42: 2610000000 | I42: 2570000000 | J42: 2410000000 | K42: 2930000000 | L42: 3370000000 | M42: 3170000000
A43: World | B43: 17589979029 | C43: 17814032484 | D43: 19384753989 | E43: 19618926996 | F43: 18827856013 | G43: 19120698758 | H43: 17515362832 | I43: 17702611132 | J43: 22250724814 | K43: 22482671300 | L43: 24790423022 | M43: 25482701523
A56: TOTAL ALL PRODUCTS | B56: export concentration | H56: export diversification
A57: Economy | B57: 2018 | C57: =+B57+1 -> 2019 | D57: =+C57+1 -> 2020 | E57: =+D57+1 -> 2021 | F57: =+E57+1 -> 2022 | G57: =+F57+1 -> 2023 | H57: 2018 | I57: =+H57+1 -> 2019 | J57: =+I57+1 -> 2020 | K57: =+J57+1 -> 2021 | L57: =+K57+1 -> 2022 | M57: =+L57+1 -> 2023
A58: Australia | B58: 0.143 | C58: 0.134 | D58: 0.127 | E58: 0.128 | F58: 0.126 | G58: 0.119 | H58: 0.517 | I58: 0.516 | J58: 0.522 | K58: 0.518 | L58: 0.511 | M58: 0.511
A59: Belgium | B59: 0.089 | C59: 0.093 | D59: 0.08 | E59: 0.068 | F59: 0.065 | G59: 0.07 | H59: 0.333 | I59: 0.335 | J59: 0.33 | K59: 0.329 | L59: 0.332 | M59: 0.317
A60: Brazil | B60: 0.093 | C60: 0.091 | D60: 0.085 | E60: 0.082 | F60: 0.088 | G60: 0.097 | H60: 0.311 | I60: 0.304 | J60: 0.293 | K60: 0.303 | L60: 0.325 | M60: 0.309
A61: Chile | B61: 0.46 | C61: 0.442 | D61: 0.466 | E61: 0.48 | F61: 0.466 | G61: 0.432 | H61: 0.793 | I61: 0.793 | J61: 0.824 | K61: 0.8 | L61: 0.783 | M61: 0.794
A62: China | B62: 0.053 | C62: 0.056 | D62: 0.058 | E62: 0.053 | F62: 0.06 | G62: 0.062 | H62: 0.357 | I62: 0.355 | J62: 0.345 | K62: 0.353 | L62: 0.366 | M62: 0.354
A63: Denmark | B63: 0.097 | C63: 0.099 | D63: 0.099 | E63: 0.089 | F63: 0.09 | G63: 0.092 | H63: 0.341 | I63: 0.342 | J63: 0.358 | K63: 0.355 | L63: 0.354 | M63: 0.328
A64: France | B64: 0.097 | C64: 0.096 | D64: 0.093 | E64: 0.088 | F64: 0.092 | G64: 0.095 | H64: 0.361 | I64: 0.354 | J64: 0.347 | K64: 0.353 | L64: 0.37 | M64: 0.348
A65: Germany | B65: 0.246 | C65: 0.25 | D65: 0.273 | E65: 0.271 | F65: 0.28 | G65: 0.286 | H65: 0.636 | I65: 0.64 | J65: 0.644 | K65: 0.66 | L65: 0.674 | M65: 0.671
A66: India | B66: 0.112 | C66: 0.105 | D66: 0.097 | E66: 0.114 | F66: 0.14 | G66: 0.139 | H66: 0.324 | I66: 0.32 | J66: 0.323 | K66: 0.365 | L66: 0.372 | M66: 0.368
A67: Indonesia | B67: 0.099 | C67: 0.101 | D67: 0.083 | E67: 0.083 | F67: 0.094 | G67: 0.097 | H67: 0.24 | I67: 0.23 | J67: 0.232 | K67: 0.228 | L67: 0.219 | M67: 0.224
A68: World | B68: 0.07 | C68: 0.068 | D68: 0.063 | E68: 0.064 | F68: 0.073 | G68: 0.069 | H68: 0 | I68: 0 | J68: 0 | K68: 0 | L68: 0 | M68: 0

Sheet Trade index
B1: 2023 | C1: higher, higher | D1: higher, higher | E1: higher, higher | F1: higher, higher | G1: higher, higher | H1: higher, lower | L1: =+B1-1 -> 2022 | M1: higher, higher | N1: higher, higher | O1: higher, higher | P1: higher, higher | Q1: higher, higher | R1: higher, lower | V1: =+L1-1 -> 2021 | W1: higher, higher | X1: higher, higher | Y1: higher, higher | Z1: higher, higher | AA1: higher, higher | AB1: higher, lower | AF1: =+V1-1 -> 2020 | AG1: higher, higher | AH1: higher, higher | AI1: higher, higher | AJ1: higher, higher | AK1: higher, higher | AL1: higher, lower | AP1: =+AF1-1 -> 2019 | AQ1: higher, higher | AR1: higher, higher | AS1: higher, higher | AT1: higher, higher | AU1: higher, higher | AV1: higher, lower
B2: Economy | C2: OPEN | D2: EXPGW | E2: TC | F2: RCA | G2: IIT | H2: DIVER | L2: Economy | M2: OPEN | N2: EXPGW | O2: TC | P2: RCA | Q2: IIT | R2: DIVER | V2: Economy | W2: OPEN | X2: EXPGW | Y2: TC | Z2: RCA | AA2: IIT | AB2: DIVER | AF2: Economy | AG2: OPEN | AH2: EXPGW | AI2: TC | AJ2: RCA | AK2: IIT | AL2: DIVER | AP2: Economy | AQ2: OPEN | AR2: EXPGW | AS2: TC | AT2: RCA | AU2: IIT | AV2: DIVER
B3: Finland | C3: 5.4493871 | D3: -0.068978315 | E3: 0.052678237 | F3: =+'Trade indicators'!BA8 -> 0.12199008 | G3: =+'Trade indicators'!BI8 -> 0.2301683 | H3: ='Trade indicators'!BQ8 -> 0.511 | L3: Finland | M3: 6.4877277 | N3: 0.084651216 | O3: 0.055257123 | P3: 0.12065341 | Q3: 0.22185497 | R3: 0.518 | V3: Finland | W3: 5.6486141 | X3: 0.26447062 | Y3: 0.055106603 | Z3: 0.13265385 | AA3: 0.24151053 | AB3: 0.522 | AF3: Finland | AG3: 4.9218198 | AH3: -0.25020446 | AI3: 0.051456765 | AJ3: 0.15203821 | AK3: 0.20467331 | AL3: 0.516 | AP3: Finland | AQ3: 5.4482912 | AR3: 0.10282003 | AS3: 0.059274589 | AT3: 0.14496587 | AU3: 0.25821302 | AV3: 0.517
B4: France | C4: 4.6611842 | D4: 0.083869433 | E4: 4.004485 | F4: =+'Trade indicators'!BA9 -> 1.1963836 | G4: =+'Trade indicators'!BI9 -> 0.88354 | H4: ='Trade indicators'!BQ9 -> 0.332 | L4: France | M4: 5.1690647 | N4: 0.22558666 | O4: 3.6081662 | P4: 1.0992562 | Q4: 0.82173714 | R4: 0.329 | V4: France | W4: 4.3952703 | X4: 0.14329745 | Y4: 3.1845494 | Z4: 1.0679905 | AA4: 0.76723029 | AB4: 0.33 | AF4: France | AG4: 4.0339623 | AH4: -0.17007205 | AI4: 3.2887915 | AJ4: 1.3064019 | AK4: 0.77424933 | AL4: 0.335 | AP4: France | AQ4: 4.3919414 | AR4: -0.0065522747 | AS4: 3.4226688 | AT4: 1.0966103 | AU4: 0.78517879 | AV4: 0.333
B5: Germany | C5: 7.1076233 | D5: -0.013909614 | E5: 4.0956189 | F5: =+'Trade indicators'!BA10 -> 0.4606535 | G5: =+'Trade indicators'!BI10 -> 0.77798143 | H5: ='Trade indicators'!BQ10 -> 0.325 | L5: Germany | M5: 8.0392157 | N5: 0.039507767 | O5: 4.0562027 | P5: 0.45189113 | Q5: 0.71581516 | R5: 0.303 | V5: Germany | W5: 7.1495327 | X5: 0.1581622 | Y5: 4.2208255 | Z5: 0.50492724 | AA5: 0.74883147 | AB5: 0.293 | AF5: Germany | AG5: 6.5809769 | AH5: -0.074319103 | AI5: 4.303042 | AJ5: 0.60009648 | AK5: 0.73615033 | AL5: 0.304 | AP5: Germany | AQ5: 7.0179949 | AR5: 0.0056380007 | AS5: 4.0149784 | AT5: 0.48001984 | AU5: 0.74855601 | AV5: 0.311
B6: Iceland | C6: 5.3545036 | D6: 0.13559322 | E6: 0.0012059596 | F6: =+'Trade indicators'!BA11 -> 0.033872428 | G6: =+'Trade indicators'!BI11 -> 0.039831558 | H6: ='Trade indicators'!BQ11 -> 0.783 | L6: Iceland | M6: 6.0668114 | N6: -0.045822102 | O6: 0.0010371148 | P6: 0.026373829 | Q6: 0.033264424 | R6: 0.8 | V6: Iceland | W6: 5.3952402 | X6: 0.49596774 | Y6: 0.0011757174 | Z6: 0.038612833 | AA6: 0.037634409 | AB6: 0.824 | AF6: Iceland | AG6: 4.7579144 | AH6: 0.064377682 | AI6: 0.00092795795 | AJ6: 0.039272067 | AK6: 0.035043097 | AL6: 0.793 | AP6: Iceland | AQ6: 4.7803097 | AR6: 0.22631579 | AS6: 0.00075301125 | AT6: 0.025656543 | AU6: 0.034151704 | AV6: 0.793
B7: Italy | C7: 5.9058296 | D7: -0.014852279 | E7: 7.5782504 | F7: =+'Trade indicators'!BA12 -> 2.1403463 | G7: =+'Trade indicators'!BI12 -> 0.5743458 | H7: ='Trade indicators'!BQ12 -> 0.366 | L7: Italy | M7: 6.604878 | N7: 0.010474959 | O7: 7.512499 | P7: 2.1463467 | Q7: 0.56332297 | R7: 0.353 | V7: Italy | W7: 5.4814815 | X7: 0.19195724 | Y7: 8.0420052 | Z7: 2.5612908 | AA7: 0.51112037 | AB7: 0.345 | AF7: Italy | AG7: 4.8684211 | AH7: -0.092796987 | AI7: 7.9662009 | AJ7: 3.0946462 | AK7: 0.52288886 | AL7: 0.355 | AP7: Italy | AQ7: 5.039801 | AR7: 0.015951188 | AS7: 7.5843034 | AT7: 2.511283 | AU7: 0.57284501 | AV7: 0.357
B8: Spain | C8: 5.55625 | D8: 0.057502094 | E8: 1.2572729 | F8: =+'Trade indicators'!BA13 -> 0.57237945 | G8: =+'Trade indicators'!BI13 -> 0.75823789 | H8: ='Trade indicators'!BQ13 -> 0.354 | L8: Spain | M8: 6.5 | N8: 0.054955001 | O8: 1.1610881 | P8: 0.51558488 | Q8: 0.70569151 | R8: 0.355 | V8: Spain | W8: 5.6413793 | X8: 0.27306399 | Y8: 1.19052 | Z8: 0.59583484 | AA8: 0.75548888 | AB8: 0.358 | AF8: Spain | AG8: 5.015625 | AH8: -0.24679541 | AI8: 1.1041652 | AJ8: 0.6860247 | AK8: 0.72036295 | AL8: 0.342 | AP8: Spain | AQ8: 5.1223022 | AR8: -0.11290491 | AS8: 1.2661642 | AT8: 0.66930236 | AU8: 0.73471225 | AV8: 0.341
B9: Sweden | C9: 6.6271186 | D9: 0.016371681 | E9: 0.62016924 | F9: =+'Trade indicators'!BA14 -> 0.59889239 | G9: =+'Trade indicators'!BI14 -> 0.79758483 | H9: ='Trade indicators'!BQ14 -> 0.37 | L9: Sweden | M9: 6.78511 | N9: 0.078335737 | O9: 0.59590153 | P9: 0.56664385 | Q9: 0.74232222 | R9: 0.353 | V9: Sweden | W9: 5.890625 | X9: 0.23618156 | Y9: 0.59775881 | Z9: 0.61723087 | AA9: 0.73463585 | AB9: 0.347 | AF9: Sweden | AG9: 5.5575868 | AH9: 0.0079866823 | AI9: 0.57094109 | AJ9: 0.71403566 | AK9: 0.75203304 | AL9: 0.354 | AP9: Sweden | AQ9: 5.9925094 | AR9: 0.13101269 | AS9: 0.48922139 | AT9: 0.5413047 | AU9: 0.69626311 | AV9: 0.361
B10: Switzerland | C10: 8.8500564 | D10: 0.25845482 | E10: 0.3198193 | F10: =+'Trade indicators'!BA15 -> 0.14559925 | G10: =+'Trade indicators'!BI15 -> 0.41821784 | H10: ='Trade indicators'!BQ15 -> 0.674 | L10: Switzerland | M10: 9.2420538 | N10: -0.063405196 | O10: 0.24818977 | P10: 0.11682203 | Q10: 0.35369023 | R10: 0.66 | V10: Switzerland | W10: 8.6469865 | X10: 0.15859048 | Y10: 0.28664054 | Z10: 0.14798894 | AA10: 0.37437914 | AB10: 0.644 | AF10: Switzerland | AG10: 8.2075472 | AH10: -0.056260049 | AI10: 0.29211592 | AJ10: 0.17751082 | AK10: 0.37478037 | AL10: 0.64 | AP10: Switzerland | AQ10: 8.1830791 | AR10: -0.039567635 | AS10: 0.26734485 | AT10: 0.15167165 | AU10: 0.3848736 | AV10: 0.636
B11: United Kingdom | C11: 3.9311377 | D11: -0.10028252 | E11: 0.94674731 | F11: =+'Trade indicators'!BA16 -> 0.34745624 | G11: =+'Trade indicators'!BI16 -> 0.41973573 | H11: ='Trade indicators'!BQ16 -> 0.372 | L11: United Kingdom | M11: 4.3915858 | N11: 0.10922114 | O11: 1.0276489 | P11: 0.36165281 | Q11: 0.42567891 | R11: 0.365 | V11: United Kingdom | W11: 3.6910828 | X11: -0.16683792 | Y11: 1.0021486 | Z11: 0.41743268 | AA11: 0.4466822 | AB11: 0.323 | AF11: United Kingdom | AG11: 3.8148148 | AH11: -0.17469243 | AI11: 1.4202022 | AJ11: 0.69520886 | AK11: 0.51224697 | AL11: 0.32 | AP11: United Kingdom | AQ11: 4.0701754 | AR11: -0.15004593 | AS11: 1.4862891 | AT11: 0.56574363 | AU11: 0.49586477 | AV11: 0.324
B12: United States | C12: 1.9010989 | D12: -0.098897939 | E12: 1.5043476 | F12: =+'Trade indicators'!BA17 -> 0.14239692 | G12: =+'Trade indicators'!BI17 -> 0.1948326 | H12: ='Trade indicators'!BQ17 -> 0.219 | L12: United States | M12: 2.1128405 | N12: -0.28972901 | O12: 1.6303884 | P12: 0.14901319 | Q12: 0.18033921 | R12: 0.228 | V12: United States | W12: 1.9830508 | X12: 0.43511462 | Y12: 2.4829757 | Z12: 0.27836182 | AA12: 0.2638824 | AB12: 0.232 | AF12: United States | AG12: 1.8028169 | AH12: -0.28655156 | AI12: 2.0428358 | AJ12: 0.27692217 | AK12: 0.22160889 | AL12: 0.23 | AP12: United States | AQ12: 1.9581395 | AR12: -0.083268842 | AS12: 2.4730893 | AT12: 0.26863228 | AU12: 0.26236299 | AV12: 0.24
C13: =+'Trade indicators'!Z19 | D13: ='Trade indicators'!AI19 | E13: =+'Trade indicators'!AR19 | F13: =+'Trade indicators'!BA19 | G13: =+'Trade indicators'!BI19 | H13: ='Trade indicators'!BQ19
C14: =+'Trade indicators'!Z20 | D14: ='Trade indicators'!AI20 | E14: =+'Trade indicators'!AR20 | F14: =+'Trade indicators'!BA20 | G14: =+'Trade indicators'!BI20 | H14: ='Trade indicators'!BQ20
C15: =+'Trade indicators'!Z21 | D15: ='Trade indicators'!AI21 | E15: =+'Trade indicators'!AR21 | F15: =+'Trade indicators'!BA21 | G15: =+'Trade indicators'!BI21 | H15: ='Trade indicators'!BQ21
C16: =+'Trade indicators'!Z22 | D16: ='Trade indicators'!AI22 | E16: =+'Trade indicators'!AR22 | F16: =+'Trade indicators'!BA22 | G16: =+'Trade indicators'!BI22 | H16: ='Trade indicators'!BQ22
C17: =+'Trade indicators'!Z23 | D17: ='Trade indicators'!AI23 | E17: =+'Trade indicators'!AR23 | F17: =+'Trade indicators'!BA23 | G17: =+'Trade indicators'!BI23 | H17: ='Trade indicators'!BQ23
C18: =+'Trade indicators'!Z24 | D18: ='Trade indicators'!AI24 | E18: =+'Trade indicators'!AR24 | F18: =+'Trade indicators'!BA24 | G18: =+'Trade indicators'!BI24 | H18: ='Trade indicators'!BQ24
C19: =+'Trade indicators'!Z25 | D19: ='Trade indicators'!AI25 | E19: =+'Trade indicators'!AR25 | F19: =+'Trade indicators'!BA25 | G19: =+'Trade indicators'!BI25 | H19: ='Trade indicators'!BQ25
C20: =+'Trade indicators'!Z26 | D20: ='Trade indicators'!AI26 | E20: =+'Trade indicators'!AR26 | F20: =+'Trade indicators'!BA26 | G20: =+'Trade indicators'!BI26 | H20: ='Trade indicators'!BQ26
C21: =+'Trade indicators'!Z27 | D21: ='Trade indicators'!AI27 | E21: =+'Trade indicators'!AR27 | F21: =+'Trade indicators'!BA27 | G21: =+'Trade indicators'!BI27 | H21: ='Trade indicators'!BQ27
C22: =+'Trade indicators'!Z28 | D22: ='Trade indicators'!AI28 | E22: =+'Trade indicators'!AR28 | F22: =+'Trade indicators'!BA28 | G22: =+'Trade indicators'!BI28 | H22: ='Trade indicators'!BQ28
C23: =+'Trade indicators'!Z29 | D23: ='Trade indicators'!AI29 | E23: =+'Trade indicators'!AR29 | F23: =+'Trade indicators'!BA29 | G23: =+'Trade indicators'!BI29 | H23: ='Trade indicators'!BQ29
B24: Sum | C24: =SUM(C3:C23) -> 55.344189 | D24: =SUM(D3:D23) -> 0.25487058 | E24: =SUM(E3:E23) -> 20.380595 | F24: =SUM(F3:F23) -> 5.7599701 | G24: =SUM(G3:G23) -> 5.094476 | H24: =SUM(H3:H23) -> 4.306 | L24: Sum | M24: =SUM(M3:M23) -> 61.399288 | N24: =SUM(N3:N23) -> 0.20377616 | O24: =SUM(O3:O23) -> 19.896379 | P24: =SUM(P3:P23) -> 5.5542381 | Q24: =SUM(Q3:Q23) -> 4.7637167 | R24: =SUM(R3:R23) -> 4.264 | V24: Sum | W24: =SUM(W3:W23) -> 53.923263 | X24: =SUM(X3:X23) -> 2.189968 | Y24: =SUM(Y3:Y23) -> 21.063706 | Z24: =SUM(Z3:Z23) -> 6.3623243 | AA24: =SUM(AA3:AA23) -> 4.8813955 | AB24: =SUM(AB3:AB23) -> 4.218 | AF24: Sum | AG24: =SUM(AG3:AG23) -> 49.561485 | AH24: =SUM(AH3:AH23) -> -1.2793277 | AI24: =SUM(AI3:AI23) -> 21.040679 | AJ24: =SUM(AJ3:AJ23) -> 7.7421571 | AK24: =SUM(AK3:AK23) -> 4.8540371 | AL24: =SUM(AL3:AL23) -> 4.189 | AP24: Sum | AQ24: =SUM(AQ3:AQ23) -> 52.004544 | AR24: =SUM(AR3:AR23) -> 0.089398115 | AS24: =SUM(AS3:AS23) -> 21.064087 | AT24: =SUM(AT3:AT23) -> 6.4551902 | AU24: =SUM(AU3:AU23) -> 4.9730213 | AV24: =SUM(AV3:AV23) -> 4.213
B25: min | C25: =MIN(C3:C23) -> 1.9010989 | D25: =MIN(D3:D23) -> -0.10028252 | E25: =MIN(E3:E23) -> 0.0012059596 | F25: =MIN(F3:F23) -> 0.033872428 | G25: =MIN(G3:G23) -> 0.039831558 | H25: =MIN(H3:H23) -> 0.219 | L25: min | M25: =MIN(M3:M23) -> 2.1128405 | N25: =MIN(N3:N23) -> -0.28972901 | O25: =MIN(O3:O23) -> 0.0010371148 | P25: =MIN(P3:P23) -> 0.026373829 | Q25: =MIN(Q3:Q23) -> 0.033264424 | R25: =MIN(R3:R23) -> 0.228 | V25: min | W25: =MIN(W3:W23) -> 1.9830508 | X25: =MIN(X3:X23) -> -0.16683792 | Y25: =MIN(Y3:Y23) -> 0.0011757174 | Z25: =MIN(Z3:Z23) -> 0.038612833 | AA25: =MIN(AA3:AA23) -> 0.037634409 | AB25: =MIN(AB3:AB23) -> 0.232 | AF25: min | AG25: =MIN(AG3:AG23) -> 1.8028169 | AH25: =MIN(AH3:AH23) -> -0.28655156 | AI25: =MIN(AI3:AI23) -> 0.00092795795 | AJ25: =MIN(AJ3:AJ23) -> 0.039272067 | AK25: =MIN(AK3:AK23) -> 0.035043097 | AL25: =MIN(AL3:AL23) -> 0.23 | AP25: min | AQ25: =MIN(AQ3:AQ23) -> 1.9581395 | AR25: =MIN(AR3:AR23) -> -0.15004593 | AS25: =MIN(AS3:AS23) -> 0.00075301125 | AT25: =MIN(AT3:AT23) -> 0.025656543 | AU25: =MIN(AU3:AU23) -> 0.034151704 | AV25: =MIN(AV3:AV23) -> 0.24
B26: max | C26: =MAX(C3:C23) -> 8.8500564 | D26: =MAX(D3:D23) -> 0.25845482 | E26: =MAX(E3:E23) -> 7.5782504 | F26: =MAX(F3:F23) -> 2.1403463 | G26: =MAX(G3:G23) -> 0.88354 | H26: =MAX(H3:H23) -> 0.783 | L26: max | M26: =MAX(M3:M23) -> 9.2420538 | N26: =MAX(N3:N23) -> 0.22558666 | O26: =MAX(O3:O23) -> 7.512499 | P26: =MAX(P3:P23) -> 2.1463467 | Q26: =MAX(Q3:Q23) -> 0.82173714 | R26: =MAX(R3:R23) -> 0.8 | V26: max | W26: =MAX(W3:W23) -> 8.6469865 | X26: =MAX(X3:X23) -> 0.49596774 | Y26: =MAX(Y3:Y23) -> 8.0420052 | Z26: =MAX(Z3:Z23) -> 2.5612908 | AA26: =MAX(AA3:AA23) -> 0.76723029 | AB26: =MAX(AB3:AB23) -> 0.824 | AF26: max | AG26: =MAX(AG3:AG23) -> 8.2075472 | AH26: =MAX(AH3:AH23) -> 0.064377682 | AI26: =MAX(AI3:AI23) -> 7.9662009 | AJ26: =MAX(AJ3:AJ23) -> 3.0946462 | AK26: =MAX(AK3:AK23) -> 0.77424933 | AL26: =MAX(AL3:AL23) -> 0.793 | AP26: max | AQ26: =MAX(AQ3:AQ23) -> 8.1830791 | AR26: =MAX(AR3:AR23) -> 0.22631579 | AS26: =MAX(AS3:AS23) -> 7.5843034 | AT26: =MAX(AT3:AT23) -> 2.511283 | AU26: =MAX(AU3:AU23) -> 0.78517879 | AV26: =MAX(AV3:AV23) -> 0.793
B28: Step 1: To eliminate the differences in the units of the indicators, the data are standardized. | L28: Step 1: To eliminate the differences in the units of the indicators, the data are standardized. | V28: Step 1: To eliminate the differences in the units of the indicators, the data are standardized. | AF28: Step 1: To eliminate the differences in the units of the indicators, the data are standardized. | AP28: Step 1: To eliminate the differences in the units of the indicators, the data are standardized.
B29: Economy | C29: OPEN | D29: EXPGW | E29: TC | F29: RCA | G29: IIT | H29: DIVER | L29: Economy | M29: OPEN | N29: EXPGW | O29: TC | P29: RCA | Q29: IIT | R29: DIVER | V29: Economy | W29: OPEN | X29: EXPGW | Y29: TC | Z29: RCA | AA29: IIT | AB29: DIVER | AF29: Economy | AG29: OPEN | AH29: EXPGW | AI29: TC | AJ29: RCA | AK29: IIT | AL29: DIVER | AP29: Economy | AQ29: OPEN | AR29: EXPGW | AS29: TC | AT29: RCA | AU29: IIT | AV29: DIVER
B30: Finland | C30: =(C3-C$25)/(C$26-C$25) -> 0.51062166 | D30: =(D3-D$25)/(D$26-D$25) -> 0.087262193 | E30: =(E3-E$25)/(E$26-E$25) -> 0.0067931867 | F30: =(F3-F$25)/(F$26-F$25) -> 0.041831829 | G30: =(G3-G$25)/(G$26-G$25) -> 0.2255954 | H30: =(H$26-H3)/(H$26-H$25) -> 0.4822695 | L30: Finland | M30: =(M3-M$25)/(M$26-M$25) -> 0.61365637 | N30: =(N3-N$25)/(N$26-N$25) -> 0.72650659 | O30: =(O3-O$25)/(O$26-O$25) -> 0.0072183031 | P30: =(P3-P$25)/(P$26-P$25) -> 0.044472071 | Q30: =(Q3-Q$25)/(Q$26-Q$25) -> 0.23918462 | R30: =(R$26-R3)/(R$26-R$25) -> 0.49300699 | V30: Finland | W30: =(W3-W$25)/(W$26-W$25) -> 0.55005982 | X30: =(X3-X$25)/(X$26-X$25) -> 0.65073153 | Y30: =(Y3-Y$25)/(Y$26-Y$25) -> 0.0067071296 | Z30: =(Z3-Z$25)/(Z$26-Z$25) -> 0.037278251 | AA30: =(AA3-AA$25)/(AA$26-AA$25) -> 0.27943706 | AB30: =(AB$26-AB3)/(AB$26-AB$25) -> 0.51013514 | AF30: Finland | AG30: =(AG3-AG$25)/(AG$26-AG$25) -> 0.48698427 | AH30: =(AH3-AH$25)/(AH$26-AH$25) -> 0.10357388 | AI30: =(AI3-AI$25)/(AI$26-AI$25) -> 0.0063436378 | AJ30: =(AJ3-AJ$25)/(AJ$26-AJ$25) -> 0.036907475 | AK30: =(AK3-AK$25)/(AK$26-AK$25) -> 0.22947617 | AL30: =(AL$26-AL3)/(AL$26-AL$25) -> 0.4920071 | AP30: Finland | AQ30: =(AQ3-AQ$25)/(AQ$26-AQ$25) -> 0.56067238 | AR30: =(AR3-AR$25)/(AR$26-AR$25) -> 0.67186951 | AS30: =(AS3-AS$25)/(AS$26-AS$25) -> 0.0077169103 | AT30: =(AT3-AT$25)/(AT$26-AT$25) -> 0.047999701 | AU30: =(AU3-AU$25)/(AU$26-AU$25) -> 0.29833986 | AV30: =(AV$26-AV3)/(AV$26-AV$25) -> 0.49909584
B31: France | C31: =(C4-C$25)/(C$26-C$25) -> 0.39719416 | D31: =(D4-D$25)/(D$26-D$25) -> 0.51333367 | E31: =(E4-E$25)/(E$26-E$25) -> 0.52834308 | F31: =(F4-F$25)/(F$26-F$25) -> 0.55187544 | G31: =(G4-G$25)/(G$26-G$25) -> 1 | H31: =(H$26-H4)/(H$26-H$25) -> 0.79964539 | L31: France | M31: =(M4-M$25)/(M$26-M$25) -> 0.42869026 | N31: =(N4-N$25)/(N$26-N$25) -> 1 | O31: =(O4-O$25)/(O$26-O$25) -> 0.48021665 | P31: =(P4-P$25)/(P$26-P$25) -> 0.50608306 | Q31: =(Q4-Q$25)/(Q$26-Q$25) -> 1 | R31: =(R$26-R4)/(R$26-R$25) -> 0.82342657 | V31: France | W31: =(W4-W$25)/(W$26-W$25) -> 0.3619812 | X31: =(X4-X$25)/(X$26-X$25) -> 0.46791297 | Y31: =(Y4-Y$25)/(Y$26-Y$25) -> 0.39590115 | Z31: =(Z4-Z$25)/(Z$26-Z$25) -> 0.40804956 | AA31: =(AA4-AA$25)/(AA$26-AA$25) -> 1 | AB31: =(AB$26-AB4)/(AB$26-AB$25) -> 0.83445946 | AF31: France | AG31: =(AG4-AG$25)/(AG$26-AG$25) -> 0.34835899 | AH31: =(AH4-AH$25)/(AH$26-AH$25) -> 0.33191736 | AI31: =(AI4-AI$25)/(AI$26-AI$25) -> 0.41277474 | AJ31: =(AJ4-AJ$25)/(AJ$26-AJ$25) -> 0.41472167 | AK31: =(AK4-AK$25)/(AK$26-AK$25) -> 1 | AL31: =(AL$26-AL4)/(AL$26-AL$25) -> 0.81349911 | AP31: France | AQ31: =(AQ4-AQ$25)/(AQ$26-AQ$25) -> 0.39097598 | AR31: =(AR4-AR$25)/(AR$26-AR$25) -> 0.38126527 | AS31: =(AS4-AS$25)/(AS$26-AS$25) -> 0.45122873 | AT31: =(AT4-AT$25)/(AT$26-AT$25) -> 0.43085869 | AU31: =(AU4-AU$25)/(AU$26-AU$25) -> 1 | AV31: =(AV$26-AV4)/(AV$26-AV$25) -> 0.8318264
B32: Germany | C32: =(C5-C$25)/(C$26-C$25) -> 0.7492526 | D32: =(D5-D$25)/(D$26-D$25) -> 0.24076921 | E32: =(E5-E$25)/(E$26-E$25) -> 0.54037072 | F32: =(F5-F$25)/(F$26-F$25) -> 0.2026045 | G32: =(G5-G$25)/(G$26-G$25) -> 0.87488739 | H32: =(H$26-H5)/(H$26-H$25) -> 0.81205674 | L32: Germany | M32: =(M5-M$25)/(M$26-M$25) -> 0.83128039 | N32: =(N5-N$25)/(N$26-N$25) -> 0.6389031 | O32: =(O5-O$25)/(O$26-O$25) -> 0.5398637 | P32: =(P5-P$25)/(P$26-P$25) -> 0.20071827 | Q32: =(Q5-Q$25)/(Q$26-Q$25) -> 0.86566184 | R32: =(R$26-R5)/(R$26-R$25) -> 0.86888112 | V32: Germany | W32: =(W5-W$25)/(W$26-W$25) -> 0.77528988 | X32: =(X5-X$25)/(X$26-X$25) -> 0.49033998 | Y32: =(Y5-Y$25)/(Y$26-Y$25) -> 0.52477791 | Z32: =(Z5-Z$25)/(Z$26-Z$25) -> 0.18484896 | AA32: =(AA5-AA$25)/(AA$26-AA$25) -> 0.97478217 | AB32: =(AB$26-AB5)/(AB$26-AB$25) -> 0.89695946 | AF32: Germany | AG32: =(AG5-AG$25)/(AG$26-AG$25) -> 0.7460361 | AH32: =(AH5-AH$25)/(AH$26-AH$25) -> 0.60477279 | AI32: =(AI5-AI$25)/(AI$26-AI$25) -> 0.54010881 | AJ32: =(AJ5-AJ$25)/(AJ$26-AJ$25) -> 0.18355343 | AK32: =(AK5-AK$25)/(AK$26-AK$25) -> 0.94845958 | AL32: =(AL$26-AL5)/(AL$26-AL$25) -> 0.86856128 | AP32: Germany | AQ32: =(AQ5-AQ$25)/(AQ$26-AQ$25) -> 0.81283606 | AR32: =(AR5-AR$25)/(AR$26-AR$25) -> 0.41365506 | AS32: =(AS5-AS$25)/(AS$26-AS$25) -> 0.52933325 | AT32: =(AT5-AT$25)/(AT$26-AT$25) -> 0.18279629 | AU32: =(AU5-AU$25)/(AU$26-AU$25) -> 0.95123641 | AV32: =(AV$26-AV5)/(AV$26-AV$25) -> 0.8716094
B33: Iceland | C33: =(C6-C$25)/(C$26-C$25) -> 0.49696731 | D33: =(D6-D$25)/(D$26-D$25) -> 0.65751656 | E33: =(E6-E$25)/(E$26-E$25) -> 0 | F33: =(F6-F$25)/(F$26-F$25) -> 0 | G33: =(G6-G$25)/(G$26-G$25) -> 0 | H33: =(H$26-H6)/(H$26-H$25) -> 0 | L33: Iceland | M33: =(M6-M$25)/(M$26-M$25) -> 0.55461532 | N33: =(N6-N$25)/(N$26-N$25) -> 0.47331553 | O33: =(O6-O$25)/(O$26-O$25) -> 0 | P33: =(P6-P$25)/(P$26-P$25) -> 0 | Q33: =(Q6-Q$25)/(Q$26-Q$25) -> 0 | R33: =(R$26-R6)/(R$26-R$25) -> 0 | V33: Iceland | W33: =(W6-W$25)/(W$26-W$25) -> 0.51203817 | X33: =(X6-X$25)/(X$26-X$25) -> 1 | Y33: =(Y6-Y$25)/(Y$26-Y$25) -> 0 | Z33: =(Z6-Z$25)/(Z$26-Z$25) -> 0 | AA33: =(AA6-AA$25)/(AA$26-AA$25) -> 0 | AB33: =(AB$26-AB6)/(AB$26-AB$25) -> 0 | AF33: Iceland | AG33: =(AG6-AG$25)/(AG$26-AG$25) -> 0.46139296 | AH33: =(AH6-AH$25)/(AH$26-AH$25) -> 1 | AI33: =(AI6-AI$25)/(AI$26-AI$25) -> 0 | AJ33: =(AJ6-AJ$25)/(AJ$26-AJ$25) -> 0 | AK33: =(AK6-AK$25)/(AK$26-AK$25) -> 0 | AL33: =(AL$26-AL6)/(AL$26-AL$25) -> 0 | AP33: Iceland | AQ33: =(AQ6-AQ$25)/(AQ$26-AQ$25) -> 0.45336508 | AR33: =(AR6-AR$25)/(AR$26-AR$25) -> 1 | AS33: =(AS6-AS$25)/(AS$26-AS$25) -> 0 | AT33: =(AT6-AT$25)/(AT$26-AT$25) -> 0 | AU33: =(AU6-AU$25)/(AU$26-AU$25) -> 0 | AV33: =(AV$26-AV6)/(AV$26-AV$25) -> 0
B34: Italy | C34: =(C7-C$25)/(C$26-C$25) -> 0.57630669 | D34: =(D7-D$25)/(D$26-D$25) -> 0.23814149 | E34: =(E7-E$25)/(E$26-E$25) -> 1 | F34: =(F7-F$25)/(F$26-F$25) -> 1 | G34: =(G7-G$25)/(G$26-G$25) -> 0.63352956 | H34: =(H$26-H7)/(H$26-H$25) -> 0.7393617 | L34: Italy | M34: =(M7-M$25)/(M$26-M$25) -> 0.63008882 | N34: =(N7-N$25)/(N$26-N$25) -> 0.58256325 | O34: =(O7-O$25)/(O$26-O$25) -> 1 | P34: =(P7-P$25)/(P$26-P$25) -> 1 | Q34: =(Q7-Q$25)/(Q$26-Q$25) -> 0.67225985 | R34: =(R$26-R7)/(R$26-R$25) -> 0.78146853 | V34: Italy | W34: =(W7-W$25)/(W$26-W$25) -> 0.52497966 | X34: =(X7-X$25)/(X$26-X$25) -> 0.54132784 | Y34: =(Y7-Y$25)/(Y$26-Y$25) -> 1 | Z34: =(Z7-Z$25)/(Z$26-Z$25) -> 1 | AA34: =(AA7-AA$25)/(AA$26-AA$25) -> 0.64897017 | AB34: =(AB$26-AB7)/(AB$26-AB$25) -> 0.80912162 | AF34: Italy | AG34: =(AG7-AG$25)/(AG$26-AG$25) -> 0.47864688 | AH34: =(AH7-AH$25)/(AH$26-AH$25) -> 0.55211864 | AI34: =(AI7-AI$25)/(AI$26-AI$25) -> 1 | AJ34: =(AJ7-AJ$25)/(AJ$26-AJ$25) -> 1 | AK34: =(AK7-AK$25)/(AK$26-AK$25) -> 0.65995894 | AL34: =(AL$26-AL7)/(AL$26-AL$25) -> 0.77797513 | AP34: Italy | AQ34: =(AQ7-AQ$25)/(AQ$26-AQ$25) -> 0.49505083 | AR34: =(AR7-AR$25)/(AR$26-AR$25) -> 0.44105739 | AS34: =(AS7-AS$25)/(AS$26-AS$25) -> 1 | AT34: =(AT7-AT$25)/(AT$26-AT$25) -> 1 | AU34: =(AU7-AU$25)/(AU$26-AU$25) -> 0.71727547 | AV34: =(AV$26-AV7)/(AV$26-AV$25) -> 0.78842676
B35: Spain | C35: =(C8-C$25)/(C$26-C$25) -> 0.52599992 | D35: =(D8-D$25)/(D$26-D$25) -> 0.43983327 | E35: =(E8-E$25)/(E$26-E$25) -> 0.16577268 | F35: =(F8-F$25)/(F$26-F$25) -> 0.25564382 | G35: =(G8-G$25)/(G$26-G$25) -> 0.85148648 | H35: =(H$26-H8)/(H$26-H$25) -> 0.7606383 | L35: Spain | M35: =(M8-M$25)/(M$26-M$25) -> 0.61537779 | N35: =(N8-N$25)/(N$26-N$25) -> 0.66887936 | O35: =(O8-O$25)/(O$26-O$25) -> 0.15443744 | P35: =(P8-P$25)/(P$26-P$25) -> 0.23076288 | Q35: =(Q8-Q$25)/(Q$26-Q$25) -> 0.85282227 | R35: =(R$26-R8)/(R$26-R$25) -> 0.77797203 | V35: Spain | W35: =(W8-W$25)/(W$26-W$25) -> 0.54897416 | X35: =(X8-X$25)/(X$26-X$25) -> 0.66369667 | Y35: =(Y8-Y$25)/(Y$26-Y$25) -> 0.14791314 | Z35: =(Z8-Z$25)/(Z$26-Z$25) -> 0.22088511 | AA35: =(AA8-AA$25)/(AA$26-AA$25) -> 0.98390696 | AB35: =(AB$26-AB8)/(AB$26-AB$25) -> 0.78716216 | AF35: Spain | AG35: =(AG8-AG$25)/(AG$26-AG$25) -> 0.50163051 | AH35: =(AH8-AH$25)/(AH$26-AH$25) -> 0.11328823 | AI35: =(AI8-AI$25)/(AI$26-AI$25) -> 0.13850589 | AJ35: =(AJ8-AJ$25)/(AJ$26-AJ$25) -> 0.21167707 | AK35: =(AK8-AK$25)/(AK$26-AK$25) -> 0.92710237 | AL35: =(AL$26-AL8)/(AL$26-AL$25) -> 0.80106572 | AP35: Spain | AQ35: =(AQ8-AQ$25)/(AQ$26-AQ$25) -> 0.50830416 | AR35: =(AR8-AR$25)/(AR$26-AR$25) -> 0.098684375 | AS35: =(AS8-AS$25)/(AS$26-AS$25) -> 0.16686263 | AT35: =(AT8-AT$25)/(AT$26-AT$25) -> 0.25894712 | AU35: =(AU8-AU$25)/(AU$26-AU$25) -> 0.9328033 | AV35: =(AV$26-AV8)/(AV$26-AV$25) -> 0.81735986
B36: Sweden | C36: =(C9-C$25)/(C$26-C$25) -> 0.68010486 | D36: =(D9-D$25)/(D$26-D$25) -> 0.32517999 | E36: =(E9-E$25)/(E$26-E$25) -> 0.081689278 | F36: =(F9-F$25)/(F$26-F$25) -> 0.26823023 | G36: =(G9-G$25)/(G$26-G$25) -> 0.89812218 | H36: =(H$26-H9)/(H$26-H$25) -> 0.7322695 | L36: Sweden | M36: =(M9-M$25)/(M$26-M$25) -> 0.65536958 | N36: =(N9-N$25)/(N$26-N$25) -> 0.71425104 | O36: =(O9-O$25)/(O$26-O$25) -> 0.079194227 | P36: =(P9-P$25)/(P$26-P$25) -> 0.25484761 | Q36: =(Q9-Q$25)/(Q$26-Q$25) -> 0.89928007 | R36: =(R$26-R9)/(R$26-R$25) -> 0.78146853 | V36: Sweden | W36: =(W9-W$25)/(W$26-W$25) -> 0.58637634 | X36: =(X9-X$25)/(X$26-X$25) -> 0.60805076 | Y36: =(Y9-Y$25)/(Y$26-Y$25) -> 0.074194222 | Z36: =(Z9-Z$25)/(Z$26-Z$25) -> 0.22936659 | AA36: =(AA9-AA$25)/(AA$26-AA$25) -> 0.95532535 | AB36: =(AB$26-AB9)/(AB$26-AB$25) -> 0.80574324 | AF36: Sweden | AG36: =(AG9-AG$25)/(AG$26-AG$25) -> 0.5862495 | AH36: =(AH9-AH$25)/(AH$26-AH$25) -> 0.83930949 | AI36: =(AI9-AI$25)/(AI$26-AI$25) -> 0.071562285 | AJ36: =(AJ9-AJ$25)/(AJ$26-AJ$25) -> 0.22084483 | AK36: =(AK9-AK$25)/(AK$26-AK$25) -> 0.96994575 | AL36: =(AL$26-AL9)/(AL$26-AL$25) -> 0.77975133 | AP36: Sweden | AQ36: =(AQ9-AQ$25)/(AQ$26-AQ$25) -> 0.64809784 | AR36: =(AR9-AR$25)/(AR$26-AR$25) -> 0.7467779 | AS36: =(AS9-AS$25)/(AS$26-AS$25) -> 0.064411569 | AT36: =(AT9-AT$25)/(AT$26-AT$25) -> 0.20745199 | AU36: =(AU9-AU$25)/(AU$26-AU$25) -> 0.8816079 | AV36: =(AV$26-AV9)/(AV$26-AV$25) -> 0.78119349
B37: Switzerland | C37: =(C10-C$25)/(C$26-C$25) -> 1 | D37: =(D10-D$25)/(D$26-D$25) -> 1 | E37: =(E10-E$25)/(E$26-E$25) -> 0.042049818 | F37: =(F10-F$25)/(F$26-F$25) -> 0.053039738 | G37: =(G10-G$25)/(G$26-G$25) -> 0.4484799 | H37: =(H$26-H10)/(H$26-H$25) -> 0.19326241 | L37: Switzerland | M37: =(M10-M$25)/(M$26-M$25) -> 1 | N37: =(N10-N$25)/(N$26-N$25) -> 0.43919452 | O37: =(O10-O$25)/(O$26-O$25) -> 0.032903402 | P37: =(P10-P$25)/(P$26-P$25) -> 0.042664791 | Q37: =(Q10-Q$25)/(Q$26-Q$25) -> 0.40638795 | R37: =(R$26-R10)/(R$26-R$25) -> 0.24475524 | V37: Switzerland | W37: =(W10-W$25)/(W$26-W$25) -> 1 | X37: =(X10-X$25)/(X$26-X$25) -> 0.49098615 | Y37: =(Y10-Y$25)/(Y$26-Y$25) -> 0.035501911 | Z37: =(Z10-Z$25)/(Z$26-Z$25) -> 0.043357142 | AA37: =(AA10-AA$25)/(AA$26-AA$25) -> 0.46154966 | AB37: =(AB$26-AB10)/(AB$26-AB$25) -> 0.30405405 | AF37: Switzerland | AG37: =(AG10-AG$25)/(AG$26-AG$25) -> 1 | AH37: =(AH10-AH$25)/(AH$26-AH$25) -> 0.65623347 | AI37: =(AI10-AI$25)/(AI$26-AI$25) -> 0.036557186 | AJ37: =(AJ10-AJ$25)/(AJ$26-AJ$25) -> 0.045244462 | AK37: =(AK10-AK$25)/(AK$26-AK$25) -> 0.45959742 | AL37: =(AL$26-AL10)/(AL$26-AL$25) -> 0.27175844 | AP37: Switzerland | AQ37: =(AQ10-AQ$25)/(AQ$26-AQ$25) -> 1 | AR37: =(AR10-AR$25)/(AR$26-AR$25) -> 0.29354285 | AS37: =(AS10-AS$25)/(AS$26-AS$25) -> 0.035153961 | AT37: =(AT10-AT$25)/(AT$26-AT$25) -> 0.050697523 | AU37: =(AU10-AU$25)/(AU$26-AU$25) -> 0.46698968 | AV37: =(AV$26-AV10)/(AV$26-AV$25) -> 0.28390597
B38: United Kingdom | C38: =(C11-C$25)/(C$26-C$25) -> 0.29213574 | D38: =(D11-D$25)/(D$26-D$25) -> 0 | E38: =(E11-E$25)/(E$26-E$25) -> 0.12479026 | F38: =(F11-F$25)/(F$26-F$25) -> 0.1488667 | G38: =(G11-G$25)/(G$26-G$25) -> 0.45027897 | H38: =(H$26-H11)/(H$26-H$25) -> 0.7287234 | L38: United Kingdom | M38: =(M11-M$25)/(M$26-M$25) -> 0.31963489 | N38: =(N11-N$25)/(N$26-N$25) -> 0.77418595 | O38: =(O11-O$25)/(O$26-O$25) -> 0.1366727 | P38: =(P11-P$25)/(P$26-P$25) -> 0.15815249 | Q38: =(Q11-Q$25)/(Q$26-Q$25) -> 0.49768937 | R38: =(R$26-R11)/(R$26-R$25) -> 0.76048951 | V38: United Kingdom | W38: =(W11-W$25)/(W$26-W$25) -> 0.25630979 | X38: =(X11-X$25)/(X$26-X$25) -> 0 | Y38: =(Y11-Y$25)/(Y$26-Y$25) -> 0.12448626 | Z38: =(Z11-Z$25)/(Z$26-Z$25) -> 0.15016576 | AA38: =(AA11-AA$25)/(AA$26-AA$25) -> 0.5606498 | AB38: =(AB$26-AB11)/(AB$26-AB$25) -> 0.84628378 | AF38: United Kingdom | AG38: =(AG11-AG$25)/(AG$26-AG$25) -> 0.31414249 | AH38: =(AH11-AH$25)/(AH$26-AH$25) -> 0.31875125 | AI38: =(AI11-AI$25)/(AI$26-AI$25) -> 0.17818275 | AJ38: =(AJ11-AJ$25)/(AJ$26-AJ$25) -> 0.21468297 | AK38: =(AK11-AK$25)/(AK$26-AK$25) -> 0.64556256 | AL38: =(AL$26-AL11)/(AL$26-AL$25) -> 0.8401421 | AP38: United Kingdom | AQ38: =(AQ11-AQ$25)/(AQ$26-AQ$25) -> 0.33928617 | AR38: =(AR11-AR$25)/(AR$26-AR$25) -> 0 | AS38: =(AS11-AS$25)/(AS$26-AS$25) -> 0.19588926 | AT38: =(AT11-AT$25)/(AT$26-AT$25) -> 0.21728409 | AU38: =(AU11-AU$25)/(AU$26-AU$25) -> 0.61477553 | AV38: =(AV$26-AV11)/(AV$26-AV$25) -> 0.84810127
B39: United States | C39: =(C12-C$25)/(C$26-C$25) -> 0 | D39: =(D12-D$25)/(D$26-D$25) -> 0.0038596001 | E39: =(E12-E$25)/(E$26-E$25) -> 0.19838101 | F39: =(F12-F$25)/(F$26-F$25) -> 0.051519507 | G39: =(G12-G$25)/(G$26-G$25) -> 0.18371399 | H39: =(H$26-H12)/(H$26-H$25) -> 1 | L39: United States | M39: =(M12-M$25)/(M$26-M$25) -> 0 | N39: =(N12-N$25)/(N$26-N$25) -> 0 | O39: =(O12-O$25)/(O$26-O$25) -> 0.21691533 | P39: =(P12-P$25)/(P$26-P$25) -> 0.057849495 | Q39: =(Q12-Q$25)/(Q$26-Q$25) -> 0.18653123 | R39: =(R$26-R12)/(R$26-R$25) -> 1 | V39: United States | W39: =(W12-W$25)/(W$26-W$25) -> 0 | X39: =(X12-X$25)/(X$26-X$25) -> 0.90818858 | Y39: =(Y12-Y$25)/(Y$26-Y$25) -> 0.30864975 | Z39: =(Z12-Z$25)/(Z$26-Z$25) -> 0.095037493 | AA39: =(AA12-AA$25)/(AA$26-AA$25) -> 0.31010042 | AB39: =(AB$26-AB12)/(AB$26-AB$25) -> 1 | AF39: United States | AG39: =(AG12-AG$25)/(AG$26-AG$25) -> 0 | AH39: =(AH12-AH$25)/(AH$26-AH$25) -> 0 | AI39: =(AI12-AI$25)/(AI$26-AI$25) -> 0.25635127 | AJ39: =(AJ12-AJ$25)/(AJ$26-AJ$25) -> 0.077781014 | AK39: =(AK12-AK$25)/(AK$26-AK$25) -> 0.25238666 | AL39: =(AL$26-AL12)/(AL$26-AL$25) -> 1 | AP39: United States | AQ39: =(AQ12-AQ$25)/(AQ$26-AQ$25) -> 0 | AR39: =(AR12-AR$25)/(AR$26-AR$25) -> 0.17742794 | AS39: =(AS12-AS$25)/(AS$26-AS$25) -> 0.32601304 | AT39: =(AT12-AT$25)/(AT$26-AT$25) -> 0.09775231 | AU39: =(AU12-AU$25)/(AU$26-AU$25) -> 0.30386559 | AV39: =(AV$26-AV12)/(AV$26-AV$25) -> 1
B51: Sum | C51: =SUM(C30:C50) -> 5.2285829 | D51: =SUM(D30:D50) -> 3.505896 | E51: =SUM(E30:E50) -> 2.68819 | F51: =SUM(F30:F50) -> 2.5736118 | G51: =SUM(G30:G50) -> 5.5660939 | H51: =SUM(H30:H50) -> 6.248227 | L51: Sum | M51: =SUM(M30:M50) -> 5.6487134 | N51: =SUM(N30:N50) -> 6.0177993 | O51: =SUM(O30:O50) -> 2.6474218 | P51: =SUM(P30:P50) -> 2.4955507 | Q51: =SUM(Q30:Q50) -> 5.6198172 | R51: =SUM(R30:R50) -> 6.5314685 | V51: Sum | W51: =SUM(W30:W50) -> 5.116009 | X51: =SUM(X30:X50) -> 5.8212345 | Y51: =SUM(Y30:Y50) -> 2.6181315 | Z51: =SUM(Z30:Z50) -> 2.3689889 | AA51: =SUM(AA30:AA50) -> 6.1747216 | AB51: =SUM(AB30:AB50) -> 6.7939189 | AF51: Sum | AG51: =SUM(AG30:AG50) -> 4.9234417 | AH51: =SUM(AH30:AH50) -> 4.5199651 | AI51: =SUM(AI30:AI50) -> 2.6403866 | AJ51: =SUM(AJ30:AJ50) -> 2.4054129 | AK51: =SUM(AK30:AK50) -> 6.0924895 | AL51: =SUM(AL30:AL50) -> 6.6447602 | AP51: Sum | AQ51: =SUM(AQ30:AQ50) -> 5.2085885 | AR51: =SUM(AR30:AR50) -> 4.2242803 | AS51: =SUM(AS30:AS50) -> 2.7766093 | AT51: =SUM(AT30:AT50) -> 2.4937877 | AU51: =SUM(AU30:AU50) -> 6.1668937 | AV51: =SUM(AV30:AV50) -> 6.721519
B53: Step 2: Compute entropy (Shanon, 1948) | L53: Step 2: Compute entropy (Shanon, 1948) | V53: Step 2: Compute entropy (Shanon, 1948) | AF53: Step 2: Compute entropy (Shanon, 1948) | AP53: Step 2: Compute entropy (Shanon, 1948)
B54: Step 2.1 To calculate the proportion of j-th index value of the i-th country. | L54: Step 2.1 To calculate the proportion of j-th index value of the i-th country. | V54: Step 2.1 To calculate the proportion of j-th index value of the i-th country. | AF54: Step 2.1 To calculate the proportion of j-th index value of the i-th country. | AP54: Step 2.1 To calculate the proportion of j-th index value of the i-th country.
B55: Economy | C55: OPEN | D55: EXPGW | E55: TC | F55: RCA | G55: IIT | H55: DIVER | L55: Economy | M55: OPEN | N55: EXPGW | O55: TC | P55: RCA | Q55: IIT | R55: DIVER | V55: Economy | W55: OPEN | X55: EXPGW | Y55: TC | Z55: RCA | AA55: IIT | AB55: DIVER | AF55: Economy | AG55: OPEN | AH55: EXPGW | AI55: TC | AJ55: RCA | AK55: IIT | AL55: DIVER | AP55: Economy | AQ55: OPEN | AR55: EXPGW | AS55: TC | AT55: RCA | AU55: IIT | AV55: DIVER
B56: Finland | C56: =C30/C$51 -> 0.097659665 | D56: =D30/D$51 -> 0.024890126 | E56: =E30/E$51 -> 0.0025270485 | F56: =F30/F$51 -> 0.016254134 | G56: =G30/G$51 -> 0.04053029 | H56: =H30/H$51 -> 0.077185017 | L56: Finland | M56: =M30/M$51 -> 0.10863649 | N56: =N30/N$51 -> 0.12072629 | O56: =O30/O$51 -> 0.0027265407 | P56: =P30/P$51 -> 0.017820544 | Q56: =Q30/Q$51 -> 0.042560925 | R56: =R30/R$51 -> 0.075481799 | V56: Finland | W56: =W30/W$51 -> 0.10751737 | X56: =X30/X$51 -> 0.11178583 | Y56: =Y30/Y$51 -> 0.0025618002 | Z56: =Z30/Z$51 -> 0.015735933 | AA56: =AA30/AA$51 -> 0.045255005 | AB56: =AB30/AB$51 -> 0.075087021 | AF56: Finland | AG56: =AG30/AG$51 -> 0.098911351 | AH56: =AH30/AH$51 -> 0.022914753 | AI56: =AI30/AI$51 -> 0.0024025413 | AJ56: =AJ30/AJ$51 -> 0.015343509 | AK56: =AK30/AK$51 -> 0.03766542 | AL56: =AL30/AL$51 -> 0.074044373 | AP56: Finland | AQ56: =AQ30/AQ$51 -> 0.10764382 | AR56: =AR30/AR$51 -> 0.15904946 | AS56: =AS30/AS$51 -> 0.0027792567 | AT56: =AT30/AT$51 -> 0.019247709 | AU56: =AU30/AU$51 -> 0.048377656 | AV56: =AV30/AV$51 -> 0.07425343
B57: France | C57: =C31/C$51 -> 0.075965928 | D57: =D31/D$51 -> 0.14642011 | E57: =E31/E$51 -> 0.19654231 | F57: =F31/F$51 -> 0.21443617 | G57: =G31/G$51 -> 0.1796592 | H57: =H31/H$51 -> 0.12797957 | L57: France | M57: =M31/M$51 -> 0.075891663 | N57: =N31/N$51 -> 0.1661737 | O57: =O31/O$51 -> 0.18139031 | P57: =P31/P$51 -> 0.20279415 | Q57: =Q31/Q$51 -> 0.17794173 | R57: =R31/R$51 -> 0.12607066 | V57: France | W57: =W31/W$51 -> 0.070754606 | X57: =X31/X$51 -> 0.080380368 | Y57: =Y31/Y$51 -> 0.15121515 | Z57: =Z31/Z$51 -> 0.1722463 | AA57: =AA31/AA$51 -> 0.16195062 | AB57: =AB31/AB$51 -> 0.12282447 | AF57: France | AG57: =AG31/AG$51 -> 0.070755177 | AH57: =AH31/AH$51 -> 0.073433612 | AI57: =AI31/AI$51 -> 0.15633118 | AJ57: =AJ31/AJ$51 -> 0.17241184 | AK57: =AK31/AK$51 -> 0.16413652 | AL57: =AL31/AL$51 -> 0.12242716 | AP57: France | AQ57: =AQ31/AQ$51 -> 0.075063712 | AR57: =AR31/AR$51 -> 0.090255676 | AS57: =AS31/AS$51 -> 0.1625107 | AT57: =AT31/AT$51 -> 0.1727728 | AU57: =AU31/AU$51 -> 0.16215619 | AV57: =AV31/AV$51 -> 0.12375572
B58: Germany | C58: =C32/C$51 -> 0.14329936 | D58: =D32/D$51 -> 0.068675516 | E58: =E32/E$51 -> 0.20101656 | F58: =F32/F$51 -> 0.0787238 | G58: =G32/G$51 -> 0.15718157 | H58: =H32/H$51 -> 0.12996595 | L58: Germany | M58: =M32/M$51 -> 0.14716278 | N58: =N32/N$51 -> 0.10616889 | O58: =O32/O$51 -> 0.20392055 | P58: =P32/P$51 -> 0.080430454 | Q58: =Q32/Q$51 -> 0.15403737 | R58: =R32/R$51 -> 0.13302998 | V58: Germany | W58: =W32/W$51 -> 0.15154193 | X58: =X32/X$51 -> 0.084232989 | Y58: =Y32/Y$51 -> 0.20043986 | Z58: =Z32/Z$51 -> 0.078028632 | AA58: =AA32/AA$51 -> 0.15786658 | AB58: =AB32/AB$51 -> 0.13202387 | AF58: Germany | AG58: =AG32/AG$51 -> 0.15152735 | AH58: =AH32/AH$51 -> 0.13380032 | AI58: =AI32/AI$51 -> 0.20455672 | AJ58: =AJ32/AJ$51 -> 0.076308493 | AK58: =AK32/AK$51 -> 0.15567685 | AL58: =AL32/AL$51 -> 0.13071371 | AP58: Germany | AQ58: =AQ32/AQ$51 -> 0.15605688 | AR58: =AR32/AR$51 -> 0.097923203 | AS58: =AS32/AS$51 -> 0.19064016 | AT58: =AT32/AT$51 -> 0.073300661 | AU58: =AU32/AU$51 -> 0.15424887 | AV58: =AV32/AV$51 -> 0.12967447
B59: Iceland | C59: =C33/C$51 -> 0.095048184 | D59: =D33/D$51 -> 0.18754594 | E59: =E33/E$51 -> 0 | F59: =F33/F$51 -> 0 | G59: =G33/G$51 -> 0 | H59: =H33/H$51 -> 0 | L59: Iceland | M59: =M33/M$51 -> 0.098184361 | N59: =N33/N$51 -> 0.078652595 | O59: =O33/O$51 -> 0 | P59: =P33/P$51 -> 0 | Q59: =Q33/Q$51 -> 0 | R59: =R33/R$51 -> 0 | V59: Iceland | W59: =W33/W$51 -> 0.10008547 | X59: =X33/X$51 -> 0.17178487 | Y59: =Y33/Y$51 -> 0 | Z59: =Z33/Z$51 -> 0 | AA59: =AA33/AA$51 -> 0 | AB59: =AB33/AB$51 -> 0 | AF59: Iceland | AG59: =AG33/AG$51 -> 0.093713501 | AH59: =AH33/AH$51 -> 0.22124065 | AI59: =AI33/AI$51 -> 0 | AJ59: =AJ33/AJ$51 -> 0 | AK59: =AK33/AK$51 -> 0 | AL59: =AL33/AL$51 -> 0 | AP59: Iceland | AQ59: =AQ33/AQ$51 -> 0.08704183 | AR59: =AR33/AR$51 -> 0.23672672 | AS59: =AS33/AS$51 -> 0 | AT59: =AT33/AT$51 -> 0 | AU59: =AU33/AU$51 -> 0 | AV59: =AV33/AV$51 -> 0
B60: Italy | C60: =C34/C$51 -> 0.11022235 | D60: =D34/D$51 -> 0.067925999 | E60: =E34/E$51 -> 0.37199751 | F60: =F34/F$51 -> 0.38855899 | G60: =G34/G$51 -> 0.11381942 | H60: =H34/H$51 -> 0.11833144 | L60: Italy | M60: =M34/M$51 -> 0.11154555 | N60: =N34/N$51 -> 0.096806693 | O60: =O34/O$51 -> 0.37772599 | P60: =P34/P$51 -> 0.40071316 | Q60: =Q34/Q$51 -> 0.11962308 | R60: =R34/R$51 -> 0.11964668 | V60: Italy | W60: =W34/W$51 -> 0.10261508 | X60: =X34/X$51 -> 0.092991932 | Y60: =Y34/Y$51 -> 0.38195179 | Z60: =Z34/Z$51 -> 0.42212102 | AA60: =AA34/AA$51 -> 0.10510112 | AB60: =AB34/AB$51 -> 0.11909498 | AF60: Italy | AG60: =AG34/AG$51 -> 0.097217944 | AH60: =AH34/AH$51 -> 0.12215108 | AI60: =AI34/AI$51 -> 0.37873242 | AJ60: =AJ34/AJ$51 -> 0.41572904 | AK60: =AK34/AK$51 -> 0.10832336 | AL60: =AL34/AL$51 -> 0.11708099 | AP60: Italy | AQ60: =AQ34/AQ$51 -> 0.095045103 | AR60: =AR34/AR$51 -> 0.10441007 | AS60: =AS34/AS$51 -> 0.36015149 | AT60: =AT34/AT$51 -> 0.40099644 | AU60: =AU34/AU$51 -> 0.11631066 | AV60: =AV34/AV$51 -> 0.1172989
B61: Spain | C61: =C35/C$51 -> 0.10060086 | D61: =D35/D$51 -> 0.12545531 | E61: =E35/E$51 -> 0.061667024 | F61: =F35/F$51 -> 0.099332706 | G61: =G35/G$51 -> 0.15297738 | H61: =H35/H$51 -> 0.12173666 | L61: Spain | M61: =M35/M$51 -> 0.10894123 | N61: =N35/N$51 -> 0.11115016 | O61: =O35/O$51 -> 0.058335035 | P61: =P35/P$51 -> 0.092469723 | Q61: =Q35/Q$51 -> 0.15175267 | R61: =R35/R$51 -> 0.11911135 | V61: Spain | W61: =W35/W$51 -> 0.10730516 | X61: =X35/X$51 -> 0.11401305 | Y61: =Y35/Y$51 -> 0.056495687 | Z61: =Z35/Z$51 -> 0.093240249 | AA61: =AA35/AA$51 -> 0.15934434 | AB61: =AB35/AB$51 -> 0.11586275 | AF61: Spain | AG61: =AG35/AG$51 -> 0.10188615 | AH61: =AH35/AH$51 -> 0.025063961 | AI61: =AI35/AI$51 -> 0.052456671 | AJ61: =AJ35/AJ$51 -> 0.088000303 | AK61: =AK35/AK$51 -> 0.15217135 | AL61: =AL35/AL$51 -> 0.120556 | AP61: Spain | AQ61: =AQ35/AQ$51 -> 0.097589617 | AR61: =AR35/AR$51 -> 0.023361228 | AS61: =AS35/AS$51 -> 0.060095825 | AT61: =AT35/AT$51 -> 0.10383687 | AU61: =AU35/AU$51 -> 0.15125983 | AV61: =AV35/AV$51 -> 0.12160344
B62: Sweden | C62: =C36/C$51 -> 0.13007441 | D62: =D36/D$51 -> 0.09275232 | E62: =E36/E$51 -> 0.030388208 | F62: =F36/F$51 -> 0.10422327 | G62: =G36/G$51 -> 0.16135592 | H62: =H36/H$51 -> 0.11719637 | L62: Sweden | M62: =M36/M$51 -> 0.11602104 | N62: =N36/N$51 -> 0.11868974 | O62: =O36/O$51 -> 0.029913718 | P62: =P36/P$51 -> 0.10212079 | Q62: =Q36/Q$51 -> 0.16001945 | R62: =R36/R$51 -> 0.11964668 | V62: Sweden | W62: =W36/W$51 -> 0.11461597 | X62: =X36/X$51 -> 0.10445392 | Y62: =Y36/Y$51 -> 0.028338616 | Z62: =Z36/Z$51 -> 0.096820458 | AA62: =AA36/AA$51 -> 0.15471553 | AB62: =AB36/AB$51 -> 0.11859771 | AF62: Sweden | AG62: =AG36/AG$51 -> 0.11907311 | AH62: =AH36/AH$51 -> 0.18568937 | AI62: =AI36/AI$51 -> 0.027102958 | AJ62: =AJ36/AJ$51 -> 0.09181161 | AK62: =AK36/AK$51 -> 0.15920352 | AL62: =AL36/AL$51 -> 0.1173483 | AP62: Sweden | AQ62: =AQ36/AQ$51 -> 0.12442869 | AR62: =AR36/AR$51 -> 0.17678228 | AS62: =AS36/AS$51 -> 0.023197923 | AT62: =AT36/AT$51 -> 0.08318751 | AU62: =AU36/AU$51 -> 0.14295818 | AV62: =AV36/AV$51 -> 0.11622276
B63: Switzerland | C63: =C37/C$51 -> 0.19125641 | D63: =D37/D$51 -> 0.28523379 | E63: =E37/E$51 -> 0.015642427 | F63: =F37/F$51 -> 0.020609067 | G63: =G37/G$51 -> 0.080573542 | H63: =H37/H$51 -> 0.030930761 | L63: Switzerland | M63: =M37/M$51 -> 0.17703146 | N63: =N37/N$51 -> 0.072982579 | O63: =O37/O$51 -> 0.01242847 | P63: =P37/P$51 -> 0.017096343 | Q63: =Q37/Q$51 -> 0.072313375 | R63: =R37/R$51 -> 0.037473233 | V63: Switzerland | W63: =W37/W$51 -> 0.19546486 | X63: =X37/X$51 -> 0.084343991 | Y63: =Y37/Y$51 -> 0.013560019 | Z63: =Z37/Z$51 -> 0.018301961 | AA63: =AA37/AA$51 -> 0.074748254 | AB63: =AB37/AB$51 -> 0.044753854 | AF63: Switzerland | AG63: =AG37/AG$51 -> 0.20310995 | AH63: =AH37/AH$51 -> 0.14518552 | AI63: =AI37/AI$51 -> 0.013845392 | AJ63: =AJ37/AJ$51 -> 0.018809437 | AK63: =AK37/AK$51 -> 0.075436719 | AL63: =AL37/AL$51 -> 0.040898156 | AP63: Switzerland | AQ63: =AQ37/AQ$51 -> 0.19199059 | AR63: =AR37/AR$51 -> 0.069489435 | AS63: =AS37/AS$51 -> 0.012660752 | AT63: =AT37/AT$51 -> 0.020329526 | AU63: =AU37/AU$51 -> 0.075725268 | AV63: =AV37/AV$51 -> 0.042238364
B64: United Kingdom | C64: =C38/C$51 -> 0.055872832 | D64: =D38/D$51 -> 0 | E64: =E38/E$51 -> 0.046421667 | F64: =F38/F$51 -> 0.057843496 | G64: =G38/G$51 -> 0.080896762 | H64: =H38/H$51 -> 0.11662883 | L64: United Kingdom | M64: =M38/M$51 -> 0.056585432 | N64: =N38/N$51 -> 0.12864935 | O64: =O38/O$51 -> 0.051624831 | P64: =P38/P$51 -> 0.063373782 | Q64: =Q38/Q$51 -> 0.088559708 | R64: =R38/R$51 -> 0.11643469 | V64: United Kingdom | W64: =W38/W$51 -> 0.050099558 | X64: =X38/X$51 -> 0 | Y64: =Y38/Y$51 -> 0.047547751 | Z64: =Z38/Z$51 -> 0.063388123 | AA64: =AA38/AA$51 -> 0.090797584 | AB64: =AB38/AB$51 -> 0.12456489 | AF64: United Kingdom | AG64: =AG38/AG$51 -> 0.063805466 | AH64: =AH38/AH$51 -> 0.070520732 | AI64: =AI38/AI$51 -> 0.067483585 | AJ64: =AJ38/AJ$51 -> 0.089249944 | AK64: =AK38/AK$51 -> 0.10596039 | AL64: =AL38/AL$51 -> 0.12643678 | AP64: United Kingdom | AQ64: =AQ38/AQ$51 -> 0.065139754 | AR64: =AR38/AR$51 -> 0 | AS64: =AS38/AS$51 -> 0.070549809 | AT64: =AT38/AT$51 -> 0.087130146 | AU64: =AU38/AU$51 -> 0.099689658 | AV64: =AV38/AV$51 -> 0.12617702
B65: United States | C65: =C39/C$51 -> 0 | D65: =D39/D$51 -> 0.0011008884 | E65: =E39/E$51 -> 0.07379724 | F65: =F39/F$51 -> 0.020018368 | G65: =G39/G$51 -> 0.03300591 | H65: =H39/H$51 -> 0.1600454 | L65: United States | M65: =M39/M$51 -> 0 | N65: =N39/N$51 -> 0 | O65: =O39/O$51 -> 0.081934558 | P65: =P39/P$51 -> 0.023181054 | Q65: =Q39/Q$51 -> 0.03319169 | R65: =R39/R$51 -> 0.15310493 | V65: United States | W65: =W39/W$51 -> 0 | X65: =X39/X$51 -> 0.15601306 | Y65: =Y39/Y$51 -> 0.11788932 | Z65: =Z39/Z$51 -> 0.040117324 | AA65: =AA39/AA$51 -> 0.050220955 | AB65: =AB39/AB$51 -> 0.14719045 | AF65: United States | AG65: =AG39/AG$51 -> 0 | AH65: =AH39/AH$51 -> 0 | AI65: =AI39/AI$51 -> 0.097088538 | AJ65: =AJ39/AJ$51 -> 0.032335826 | AK65: =AK39/AK$51 -> 0.041425868 | AL65: =AL39/AL$51 -> 0.15049452 | AP65: United States | AQ65: =AQ39/AQ$51 -> 0 | AR65: =AR39/AR$51 -> 0.042001934 | AS65: =AS39/AS$51 -> 0.11741408 | AT65: =AT39/AT$51 -> 0.039198329 | AU65: =AU39/AU$51 -> 0.049273686 | AV65: =AV39/AV$51 -> 0.14877589
B77: Sum | C77: =SUM(C56:C76) -> 1 | D77: =SUM(D56:D76) -> 1 | E77: =SUM(E56:E76) -> 1 | F77: =SUM(F56:F76) -> 1 | G77: =SUM(G56:G76) -> 1 | H77: =SUM(H56:H76) -> 1 | L77: Sum | M77: =SUM(M56:M76) -> 1 | N77: =SUM(N56:N76) -> 1 | O77: =SUM(O56:O76) -> 1 | P77: =SUM(P56:P76) -> 1 | Q77: =SUM(Q56:Q76) -> 1 | R77: =SUM(R56:R76) -> 1 | V77: Sum | W77: =SUM(W56:W76) -> 1 | X77: =SUM(X56:X76) -> 1 | Y77: =SUM(Y56:Y76) -> 1 | Z77: =SUM(Z56:Z76) -> 1 | AA77: =SUM(AA56:AA76) -> 1 | AB77: =SUM(AB56:AB76) -> 1 | AF77: Sum | AG77: =SUM(AG56:AG76) -> 1 | AH77: =SUM(AH56:AH76) -> 1 | AI77: =SUM(AI56:AI76) -> 1 | AJ77: =SUM(AJ56:AJ76) -> 1 | AK77: =SUM(AK56:AK76) -> 1 | AL77: =SUM(AL56:AL76) -> 1 | AP77: Sum | AQ77: =SUM(AQ56:AQ76) -> 1 | AR77: =SUM(AR56:AR76) -> 1 | AS77: =SUM(AS56:AS76) -> 1 | AT77: =SUM(AT56:AT76) -> 1 | AU77: =SUM(AU56:AU76) -> 1 | AV77: =SUM(AV56:AV76) -> 1
B79: Step 2.2 To calculate the information entropy of the j-th index. | L79: Step 2.2 To calculate the information entropy of the j-th index. | V79: Step 2.2 To calculate the information entropy of the j-th index. | AF79: Step 2.2 To calculate the information entropy of the j-th index. | AP79: Step 2.2 To calculate the information entropy of the j-th index.
B80: Economy | C80: OPEN | D80: EXPGW | E80: TC | F80: RCA | G80: IIT | H80: DIVER | L80: Economy | M80: OPEN | N80: EXPGW | O80: TC | P80: RCA | Q80: IIT | R80: DIVER | V80: Economy | W80: OPEN | X80: EXPGW | Y80: TC | Z80: RCA | AA80: IIT | AB80: DIVER | AF80: Economy | AG80: OPEN | AH80: EXPGW | AI80: TC | AJ80: RCA | AK80: IIT | AL80: DIVER | AP80: Economy | AQ80: OPEN | AR80: EXPGW | AS80: TC | AT80: RCA | AU80: IIT | AV80: DIVER
B81: Finland | C81: =IF(C56=0,0,C56*LN(C56)) -> -0.22718242 | D81: =IF(D56=0,0,D56*LN(D56)) -> -0.091926307 | E81: =IF(E56=0,0,E56*LN(E56)) -> -0.015113527 | F81: =IF(F56=0,0,F56*LN(F56)) -> -0.066957408 | G81: =IF(G56=0,0,G56*LN(G56)) -> -0.12992818 | H81: =IF(H56=0,0,H56*LN(H56)) -> -0.19771327 | L81: Finland | M81: =IF(M56=0,0,M56*LN(M56)) -> -0.24114562 | N81: =IF(N56=0,0,N56*LN(N56)) -> -0.25524307 | O81: =IF(O56=0,0,O56*LN(O56)) -> -0.016099464 | P81: =IF(P56=0,0,P56*LN(P56)) -> -0.071770519 | Q81: =IF(Q56=0,0,Q56*LN(Q56)) -> -0.13435712 | R81: =IF(R56=0,0,R56*LN(R56)) -> -0.19503468 | V81: Finland | W81: =IF(W56=0,0,W56*LN(W56)) -> -0.23977479 | X81: =IF(X56=0,0,X56*LN(X56)) -> -0.24494181 | Y81: =IF(Y56=0,0,Y56*LN(Y56)) -> -0.015286377 | Z81: =IF(Z56=0,0,Z56*LN(Z56)) -> -0.065332581 | AA81: =IF(AA56=0,0,AA56*LN(AA56)) -> -0.14008424 | AB81: =IF(AB56=0,0,AB56*LN(AB56)) -> -0.19440837 | AF81: Finland | AG81: =IF(AG56=0,0,AG56*LN(AG56)) -> -0.2288345 | AH81: =IF(AH56=0,0,AH56*LN(AH56)) -> -0.086525519 | AI81: =IF(AI56=0,0,AI56*LN(AI56)) -> -0.014490275 | AJ81: =IF(AJ56=0,0,AJ56*LN(AJ56)) -> -0.0640908 | AK81: =IF(AK56=0,0,AK56*LN(AK56)) -> -0.1235054 | AL81: =IF(AL56=0,0,AL56*LN(AL56)) -> -0.19274422 | AP81: Finland | AQ81: =IF(AQ56=0,0,AQ56*LN(AQ56)) -> -0.23993027 | AR81: =IF(AR56=0,0,AR56*LN(AR56)) -> -0.29241881 | AS81: =IF(AS56=0,0,AS56*LN(AS56)) -> -0.016357515 | AT81: =IF(AT56=0,0,AT56*LN(AT56)) -> -0.076035443 | AU81: =IF(AU56=0,0,AU56*LN(AU56)) -> -0.14652224 | AV81: =IF(AV56=0,0,AV56*LN(AV56)) -> -0.19307906
B82: France | C82: =IF(C57=0,0,C57*LN(C57)) -> -0.19579993 | D82: =IF(D57=0,0,D57*LN(D57)) -> -0.28131334 | E82: =IF(E57=0,0,E57*LN(E57)) -> -0.31975027 | F82: =IF(F57=0,0,F57*LN(F57)) -> -0.33017662 | G82: =IF(G57=0,0,G57*LN(G57)) -> -0.30841979 | H82: =IF(H57=0,0,H57*LN(H57)) -> -0.26311123 | L82: France | M82: =IF(M57=0,0,M57*LN(M57)) -> -0.19568274 | N82: =IF(N57=0,0,N57*LN(N57)) -> -0.29823554 | O82: =IF(O57=0,0,O57*LN(O57)) -> -0.30965215 | P82: =IF(P57=0,0,P57*LN(P57)) -> -0.32357101 | Q82: =IF(Q57=0,0,Q57*LN(Q57)) -> -0.30718066 | R82: =IF(R57=0,0,R57*LN(R57)) -> -0.26108134 | V82: France | W82: =IF(W57=0,0,W57*LN(W57)) -> -0.18739624 | X82: =IF(X57=0,0,X57*LN(X57)) -> -0.20263773 | Y82: =IF(Y57=0,0,Y57*LN(Y57)) -> -0.28565323 | Z82: =IF(Z57=0,0,Z57*LN(Z57)) -> -0.30295193 | AA82: =IF(AA57=0,0,AA57*LN(AA57)) -> -0.29482524 | AB82: =IF(AB57=0,0,AB57*LN(AB57)) -> -0.25756279 | AF82: France | AG82: =IF(AG57=0,0,AG57*LN(AG57)) -> -0.18739718 | AH82: =IF(AH57=0,0,AH57*LN(AH57)) -> -0.19176259 | AI82: =IF(AI57=0,0,AI57*LN(AI57)) -> -0.29011605 | AJ82: =IF(AJ57=0,0,AJ57*LN(AJ57)) -> -0.30307747 | AK82: =IF(AK57=0,0,AK57*LN(AK57)) -> -0.29660401 | AL82: =IF(AL57=0,0,AL57*LN(AL57)) -> -0.2571263 | AP82: France | AQ82: =IF(AQ57=0,0,AQ57*LN(AQ57)) -> -0.19437133 | AR82: =IF(AR57=0,0,AR57*LN(AR57)) -> -0.21707472 | AS82: =IF(AS57=0,0,AS57*LN(AS57)) -> -0.2952838 | AT82: =IF(AT57=0,0,AT57*LN(AT57)) -> -0.30335065 | AU82: =IF(AU57=0,0,AU57*LN(AU57)) -> -0.29499378 | AV82: =IF(AV57=0,0,AV57*LN(AV57)) -> -0.25858085
B83: Germany | C83: =IF(C58=0,0,C58*LN(C58)) -> -0.27840478 | D83: =IF(D58=0,0,D58*LN(D58)) -> -0.18393793 | E83: =IF(E58=0,0,E58*LN(E58)) -> -0.32250454 | F83: =IF(F58=0,0,F58*LN(F58)) -> -0.20010092 | G83: =IF(G58=0,0,G58*LN(G58)) -> -0.29084149 | H83: =IF(H58=0,0,H58*LN(H58)) -> -0.26519328 | L83: Germany | M83: =IF(M58=0,0,M58*LN(M58)) -> -0.28199567 | N83: =IF(N58=0,0,N58*LN(N58)) -> -0.23810754 | O83: =IF(O58=0,0,O58*LN(O58)) -> -0.32423874 | P83: =IF(P58=0,0,P58*LN(P58)) -> -0.20271389 | Q83: =IF(Q58=0,0,Q58*LN(Q58)) -> -0.28813615 | R83: =IF(R58=0,0,R58*LN(R58)) -> -0.26834552 | V83: Germany | W83: =IF(W58=0,0,W58*LN(W58)) -> -0.2859434 | X83: =IF(X58=0,0,X58*LN(X58)) -> -0.20840662 | Y83: =IF(Y58=0,0,Y58*LN(Y58)) -> -0.32215517 | Z83: =IF(Z58=0,0,Z58*LN(Z58)) -> -0.19902603 | AA83: =IF(AA58=0,0,AA58*LN(AA58)) -> -0.2914225 | AB83: =IF(AB58=0,0,AB58*LN(AB58)) -> -0.26731831 | AF83: Germany | AG83: =IF(AG58=0,0,AG58*LN(AG58)) -> -0.28593047 | AH83: =IF(AH58=0,0,AH58*LN(AH58)) -> -0.26912687 | AI83: =IF(AI58=0,0,AI58*LN(AI58)) -> -0.3246131 | AJ83: =IF(AJ58=0,0,AJ58*LN(AJ58)) -> -0.19633954 | AK83: =IF(AK58=0,0,AK58*LN(AK58)) -> -0.28955472 | AL83: =IF(AL58=0,0,AL58*LN(AL58)) -> -0.26596917 | AP83: Germany | AQ83: =IF(AQ58=0,0,AQ58*LN(AQ58)) -> -0.28988107 | AR83: =IF(AR58=0,0,AR58*LN(AR58)) -> -0.22753159 | AS83: =IF(AS58=0,0,AS58*LN(AS58)) -> -0.31596083 | AT83: =IF(AT58=0,0,AT58*LN(AT58)) -> -0.19154824 | AU83: =IF(AU58=0,0,AU58*LN(AU58)) -> -0.28832013 | AV83: =IF(AV58=0,0,AV58*LN(AV58)) -> -0.26488968
B84: Iceland | C84: =IF(C59=0,0,C59*LN(C59)) -> -0.22368367 | D84: =IF(D59=0,0,D59*LN(D59)) -> -0.31390154 | E84: =IF(E59=0,0,E59*LN(E59)) -> 0 | F84: =IF(F59=0,0,F59*LN(F59)) -> 0 | G84: =IF(G59=0,0,G59*LN(G59)) -> 0 | H84: =IF(H59=0,0,H59*LN(H59)) -> 0 | L84: Iceland | M84: =IF(M59=0,0,M59*LN(M59)) -> -0.2278769 | N84: =IF(N59=0,0,N59*LN(N59)) -> -0.19999111 | O84: =IF(O59=0,0,O59*LN(O59)) -> 0 | P84: =IF(P59=0,0,P59*LN(P59)) -> 0 | Q84: =IF(Q59=0,0,Q59*LN(Q59)) -> 0 | R84: =IF(R59=0,0,R59*LN(R59)) -> 0 | V84: Iceland | W84: =IF(W59=0,0,W59*LN(W59)) -> -0.2303698 | X84: =IF(X59=0,0,X59*LN(X59)) -> -0.30260117 | Y84: =IF(Y59=0,0,Y59*LN(Y59)) -> 0 | Z84: =IF(Z59=0,0,Z59*LN(Z59)) -> 0 | AA84: =IF(AA59=0,0,AA59*LN(AA59)) -> 0 | AB84: =IF(AB59=0,0,AB59*LN(AB59)) -> 0 | AF84: Iceland | AG84: =IF(AG59=0,0,AG59*LN(AG59)) -> -0.22186793 | AH84: =IF(AH59=0,0,AH59*LN(AH59)) -> -0.33374246 | AI84: =IF(AI59=0,0,AI59*LN(AI59)) -> 0 | AJ84: =IF(AJ59=0,0,AJ59*LN(AJ59)) -> 0 | AK84: =IF(AK59=0,0,AK59*LN(AK59)) -> 0 | AL84: =IF(AL59=0,0,AL59*LN(AL59)) -> 0 | AP84: Iceland | AQ84: =IF(AQ59=0,0,AQ59*LN(AQ59)) -> -0.21250101 | AR84: =IF(AR59=0,0,AR59*LN(AR59)) -> -0.34108743 | AS84: =IF(AS59=0,0,AS59*LN(AS59)) -> 0 | AT84: =IF(AT59=0,0,AT59*LN(AT59)) -> 0 | AU84: =IF(AU59=0,0,AU59*LN(AU59)) -> 0 | AV84: =IF(AV59=0,0,AV59*LN(AV59)) -> 0
B85: Italy | C85: =IF(C60=0,0,C60*LN(C60)) -> -0.24306845 | D85: =IF(D60=0,0,D60*LN(D60)) -> -0.18267586 | E85: =IF(E60=0,0,E60*LN(E60)) -> -0.36785648 | F85: =IF(F60=0,0,F60*LN(F60)) -> -0.36730881 | G85: =IF(G60=0,0,G60*LN(G60)) -> -0.24734577 | H85: =IF(H60=0,0,H60*LN(H60)) -> -0.25255074 | L85: Italy | M85: =IF(M60=0,0,M60*LN(M60)) -> -0.24465533 | N85: =IF(N60=0,0,N60*LN(N60)) -> -0.22604742 | O85: =IF(O60=0,0,O60*LN(O60)) -> -0.36774883 | P85: =IF(P60=0,0,P60*LN(P60)) -> -0.36645596 | Q85: =IF(Q60=0,0,Q60*LN(Q60)) -> -0.25400878 | R85: =IF(R60=0,0,R60*LN(R60)) -> -0.25403529 | V85: Italy | W85: =IF(W60=0,0,W60*LN(W60)) -> -0.23363097 | X85: =IF(X60=0,0,X60*LN(X60)) -> -0.22087839 | Y85: =IF(Y60=0,0,Y60*LN(Y60)) -> -0.36761366 | Z85: =IF(Z60=0,0,Z60*LN(Z60)) -> -0.36406386 | AA85: =IF(AA60=0,0,AA60*LN(AA60)) -> -0.23677521 | AB85: =IF(AB60=0,0,AB60*LN(AB60)) -> -0.25341434 | AF85: Italy | AG85: =IF(AG60=0,0,AG60*LN(AG60)) -> -0.22659558 | AH85: =IF(AH60=0,0,AH60*LN(AH60)) -> -0.25682224 | AI85: =IF(AI60=0,0,AI60*LN(AI60)) -> -0.3677209 | AJ85: =IF(AJ60=0,0,AJ60*LN(AJ60)) -> -0.36489435 | AK85: =IF(AK60=0,0,AK60*LN(AK60)) -> -0.24076323 | AL85: =IF(AL60=0,0,AL60*LN(AL60)) -> -0.25112577 | AP85: Italy | AQ85: =IF(AQ60=0,0,AQ60*LN(AQ60)) -> -0.2236795 | AR85: =IF(AR60=0,0,AR60*LN(AR60)) -> -0.23590715 | AS85: =IF(AS60=0,0,AS60*LN(AS60)) -> -0.3677977 | AT85: =IF(AT60=0,0,AT60*LN(AT60)) -> -0.36643164 | AU85: =IF(AU60=0,0,AU60*LN(AU60)) -> -0.25024129 | AV85: =IF(AV60=0,0,AV60*LN(AV60)) -> -0.25137505
B86: Spain | C86: =IF(C61=0,0,C61*LN(C61)) -> -0.23103937 | D86: =IF(D61=0,0,D61*LN(D61)) -> -0.26042085 | E86: =IF(E61=0,0,E61*LN(E61)) -> -0.1718047 | F86: =IF(F61=0,0,F61*LN(F61)) -> -0.22938707 | G86: =IF(G61=0,0,G61*LN(G61)) -> -0.28720971 | H86: =IF(H61=0,0,H61*LN(H61)) -> -0.25636464 | L86: Spain | M86: =IF(M61=0,0,M61*LN(M61)) -> -0.2415169 | N86: =IF(N61=0,0,N61*LN(N61)) -> -0.24418281 | O86: =IF(O61=0,0,O61*LN(O61)) -> -0.16576206 | P86: =IF(P61=0,0,P61*LN(P61)) -> -0.22015876 | Q86: =IF(Q61=0,0,Q61*LN(Q61)) -> -0.28613015 | R86: =IF(R61=0,0,R61*LN(R61)) -> -0.2534328 | V86: Spain | W86: =IF(W61=0,0,W61*LN(W61)) -> -0.23951354 | X86: =IF(X61=0,0,X61*LN(X61)) -> -0.24757276 | Y86: =IF(Y61=0,0,Y61*LN(Y61)) -> -0.1623455 | Z86: =IF(Z61=0,0,Z61*LN(Z61)) -> -0.22121956 | AA86: =IF(AA61=0,0,AA61*LN(AA61)) -> -0.2926658 | AB86: =IF(AB61=0,0,AB61*LN(AB61)) -> -0.24972467 | AF86: Spain | AG86: =IF(AG61=0,0,AG61*LN(AG61)) -> -0.2326977 | AH86: =IF(AH61=0,0,AH61*LN(AH61)) -> -0.092393888 | AI86: =IF(AI61=0,0,AI61*LN(AI61)) -> -0.15463008 | AJ86: =IF(AJ61=0,0,AJ61*LN(AJ61)) -> -0.21387726 | AK86: =IF(AK61=0,0,AK61*LN(AK61)) -> -0.28650032 | AL86: =IF(AL61=0,0,AL61*LN(AL61)) -> -0.25505321 | AP86: Spain | AQ86: =IF(AQ61=0,0,AQ61*LN(AQ61)) -> -0.22708949 | AR86: =IF(AR61=0,0,AR61*LN(AR61)) -> -0.087760601 | AS86: =IF(AS61=0,0,AS61*LN(AS61)) -> -0.16897834 | AT86: =IF(AT61=0,0,AT61*LN(AT61)) -> -0.23518368 | AU86: =IF(AU61=0,0,AU61*LN(AU61)) -> -0.28569294 | AV86: =IF(AV61=0,0,AV61*LN(AV61)) -> -0.25621724
B87: Sweden | C87: =IF(C62=0,0,C62*LN(C62)) -> -0.26530609 | D87: =IF(D62=0,0,D62*LN(D62)) -> -0.22054856 | E87: =IF(E62=0,0,E62*LN(E62)) -> -0.1061673 | F87: =IF(F62=0,0,F62*LN(F62)) -> -0.23567172 | G87: =IF(G62=0,0,G62*LN(G62)) -> -0.29433622 | H87: =IF(H62=0,0,H62*LN(H62)) -> -0.25125781 | L87: Sweden | M87: =IF(M62=0,0,M62*LN(M62)) -> -0.24990743 | N87: =IF(N62=0,0,N62*LN(N62)) -> -0.25295661 | O87: =IF(O62=0,0,O62*LN(O62)) -> -0.10498034 | P87: =IF(P62=0,0,P62*LN(P62)) -> -0.23299869 | Q87: =IF(Q62=0,0,Q62*LN(Q62)) -> -0.29322923 | R87: =IF(R62=0,0,R62*LN(R62)) -> -0.25403529 | V87: Sweden | W87: =IF(W62=0,0,W62*LN(W62)) -> -0.24827746 | X87: =IF(X62=0,0,X62*LN(X62)) -> -0.23596237 | Y87: =IF(Y62=0,0,Y62*LN(Y62)) -> -0.1009855 | Z87: =IF(Z62=0,0,Z62*LN(Z62)) -> -0.22606579 | AA87: =IF(AA62=0,0,AA62*LN(AA62)) -> -0.28872504 | AB87: =IF(AB62=0,0,AB62*LN(AB62)) -> -0.25285247 | AF87: Sweden | AG87: =IF(AG62=0,0,AG62*LN(AG62)) -> -0.25338967 | AH87: =IF(AH62=0,0,AH62*LN(AH62)) -> -0.31264149 | AI87: =IF(AI62=0,0,AI62*LN(AI62)) -> -0.097790518 | AJ87: =IF(AJ62=0,0,AJ62*LN(AJ62)) -> -0.21924764 | AK87: =IF(AK62=0,0,AK62*LN(AK62)) -> -0.29254791 | AL87: =IF(AL62=0,0,AL62*LN(AL62)) -> -0.25143151 | AP87: Sweden | AQ87: =IF(AQ62=0,0,AQ62*LN(AQ62)) -> -0.25931219 | AR87: =IF(AR62=0,0,AR62*LN(AR62)) -> -0.30633476 | AS87: =IF(AS62=0,0,AS62*LN(AS62)) -> -0.087309848 | AT87: =IF(AT62=0,0,AT62*LN(AT62)) -> -0.20685889 | AU87: =IF(AU62=0,0,AU62*LN(AU62)) -> -0.2780827 | AV87: =IF(AV62=0,0,AV62*LN(AV62)) -> -0.25014004
B88: Switzerland | C88: =IF(C63=0,0,C63*LN(C63)) -> -0.31636493 | D88: =IF(D63=0,0,D63*LN(D63)) -> -0.35781042 | E88: =IF(E63=0,0,E63*LN(E63)) -> -0.06503759 | F88: =IF(F63=0,0,F63*LN(F63)) -> -0.080004896 | G88: =IF(G63=0,0,G63*LN(G63)) -> -0.20293131 | H88: =IF(H63=0,0,H63*LN(H63)) -> -0.10751545 | L88: Switzerland | M88: =IF(M63=0,0,M63*LN(M63)) -> -0.3065172 | N88: =IF(N63=0,0,N63*LN(N63)) -> -0.19103442 | O88: =IF(O63=0,0,O63*LN(O63)) -> -0.054533212 | P88: =IF(P63=0,0,P63*LN(P63)) -> -0.069563152 | Q88: =IF(Q63=0,0,Q63*LN(Q63)) -> -0.18994888 | R88: =IF(R63=0,0,R63*LN(R63)) -> -0.12306691 | V88: Switzerland | W88: =IF(W63=0,0,W63*LN(W63)) -> -0.31907189 | X88: =IF(X63=0,0,X63*LN(X63)) -> -0.20857018 | Y88: =IF(Y63=0,0,Y63*LN(Y63)) -> -0.058316618 | Z88: =IF(Z63=0,0,Z63*LN(Z63)) -> -0.073221518 | AA88: =IF(AA63=0,0,AA63*LN(AA63)) -> -0.19386927 | AB88: =IF(AB63=0,0,AB63*LN(AB63)) -> -0.13903133 | AF88: Switzerland | AG88: =IF(AG63=0,0,AG63*LN(AG63)) -> -0.32375885 | AH88: =IF(AH63=0,0,AH63*LN(AH63)) -> -0.28017072 | AI88: =IF(AI63=0,0,AI63*LN(AI63)) -> -0.059255546 | AJ88: =IF(AJ63=0,0,AJ63*LN(AJ63)) -> -0.074737351 | AK88: =IF(AK63=0,0,AK63*LN(AK63)) -> -0.19496327 | AL88: =IF(AL63=0,0,AL63*LN(AL63)) -> -0.13073792 | AP88: Switzerland | AQ88: =IF(AQ63=0,0,AQ63*LN(AQ63)) -> -0.31684379 | AR88: =IF(AR63=0,0,AR63*LN(AR63)) -> -0.18529918 | AS88: =IF(AS63=0,0,AS63*LN(AS63)) -> -0.05531797 | AT88: =IF(AT63=0,0,AT63*LN(AT63)) -> -0.079197349 | AU88: =IF(AU63=0,0,AU63*LN(AU63)) -> -0.19541991 | AV88: =IF(AV63=0,0,AV63*LN(AV63)) -> -0.13366019
B89: United Kingdom | C89: =IF(C64=0,0,C64*LN(C64)) -> -0.16117508 | D89: =IF(D64=0,0,D64*LN(D64)) -> 0 | E89: =IF(E64=0,0,E64*LN(E64)) -> -0.142514 | F89: =IF(F64=0,0,F64*LN(F64)) -> -0.16485479 | G89: =IF(G64=0,0,G64*LN(G64)) -> -0.2034215 | H89: =IF(H64=0,0,H64*LN(H64)) -> -0.25060722 | L89: United Kingdom | M89: =IF(M64=0,0,M64*LN(M64)) -> -0.16251357 | N89: =IF(N64=0,0,N64*LN(N64)) -> -0.26381669 | O89: =IF(O64=0,0,O64*LN(O64)) -> -0.15300322 | P89: =IF(P64=0,0,P64*LN(P64)) -> -0.17482957 | Q89: =IF(Q64=0,0,Q64*LN(Q64)) -> -0.21467567 | R89: =IF(R64=0,0,R64*LN(R64)) -> -0.25038404 | V89: United Kingdom | W89: =IF(W64=0,0,W64*LN(W64)) -> -0.14998521 | X89: =IF(X64=0,0,X64*LN(X64)) -> 0 | Y89: =IF(Y64=0,0,Y64*LN(Y64)) -> -0.14483144 | Z89: =IF(Z64=0,0,Z64*LN(Z64)) -> -0.17485479 | AA89: =IF(AA64=0,0,AA64*LN(AA64)) -> -0.21783454 | AB89: =IF(AB64=0,0,AB64*LN(AB64)) -> -0.25945976 | AF89: United Kingdom | AG89: =IF(AG64=0,0,AG64*LN(AG64)) -> -0.17558731 | AH89: =IF(AH64=0,0,AH64*LN(AH64)) -> -0.1870103 | AI89: =IF(AI64=0,0,AI64*LN(AI64)) -> -0.18192703 | AJ89: =IF(AJ64=0,0,AJ64*LN(AJ64)) -> -0.21565593 | AK89: =IF(AK64=0,0,AK64*LN(AK64)) -> -0.23784822 | AL89: =IF(AL64=0,0,AL64*LN(AL64)) -> -0.26147289 | AP89: United Kingdom | AQ89: =IF(AQ64=0,0,AQ64*LN(AQ64)) -> -0.17791102 | AR89: =IF(AR64=0,0,AR64*LN(AR64)) -> 0 | AS89: =IF(AS64=0,0,AS64*LN(AS64)) -> -0.18705832 | AT89: =IF(AT64=0,0,AT64*LN(AT64)) -> -0.21262826 | AU89: =IF(AU64=0,0,AU64*LN(AU64)) -> -0.22985378 | AV89: =IF(AV64=0,0,AV64*LN(AV64)) -> -0.2611952
B90: United States | C90: =IF(C65=0,0,C65*LN(C65)) -> 0 | D90: =IF(D65=0,0,D65*LN(D65)) -> -0.0074988528 | E90: =IF(E65=0,0,E65*LN(E65)) -> -0.19234763 | F90: =IF(F65=0,0,F65*LN(F65)) -> -0.078293939 | G90: =IF(G65=0,0,G65*LN(G65)) -> -0.11258542 | H90: =IF(H65=0,0,H65*LN(H65)) -> -0.29325083 | L90: United States | M90: =IF(M65=0,0,M65*LN(M65)) -> 0 | N90: =IF(N65=0,0,N65*LN(N65)) -> 0 | O90: =IF(O65=0,0,O65*LN(O65)) -> -0.2049867 | P90: =IF(P65=0,0,P65*LN(P65)) -> -0.087263223 | Q90: =IF(Q65=0,0,Q65*LN(Q65)) -> -0.11303283 | R90: =IF(R65=0,0,R65*LN(R65)) -> -0.28732157 | V90: United States | W90: =IF(W65=0,0,W65*LN(W65)) -> 0 | X90: =IF(X65=0,0,X65*LN(X65)) -> -0.28984349 | Y90: =IF(Y65=0,0,Y65*LN(Y65)) -> -0.25204844 | Z90: =IF(Z65=0,0,Z65*LN(Z65)) -> -0.12901519 | AA90: =IF(AA65=0,0,AA65*LN(AA65)) -> -0.15022709 | AB90: =IF(AB65=0,0,AB65*LN(AB65)) -> -0.28202102 | AF90: United States | AG90: =IF(AG65=0,0,AG65*LN(AG65)) -> 0 | AH90: =IF(AH65=0,0,AH65*LN(AH65)) -> 0 | AI90: =IF(AI65=0,0,AI65*LN(AI65)) -> -0.22642328 | AJ90: =IF(AJ65=0,0,AJ65*LN(AJ65)) -> -0.11096296 | AK90: =IF(AK65=0,0,AK65*LN(AK65)) -> -0.13189374 | AL90: =IF(AL65=0,0,AL65*LN(AL65)) -> -0.28501083 | AP90: United States | AQ90: =IF(AQ65=0,0,AQ65*LN(AQ65)) -> 0 | AR90: =IF(AR65=0,0,AR65*LN(AR65)) -> -0.13314779 | AS90: =IF(AS65=0,0,AS65*LN(AS65)) -> -0.25150665 | AT90: =IF(AT65=0,0,AT65*LN(AT65)) -> -0.12696814 | AU90: =IF(AU65=0,0,AU65*LN(AU65)) -> -0.14833178 | AV90: =IF(AV65=0,0,AV65*LN(AV65)) -> -0.28346482
B102: Sum | C102: =SUM(C81:C101) -> -2.1420247 | D102: =SUM(D81:D101) -> -1.9000337 | E102: =SUM(E81:E101) -> -1.703096 | F102: =SUM(F81:F101) -> -1.7527562 | G102: =SUM(G81:G101) -> -2.0770194 | H102: =SUM(H81:H101) -> -2.1375645 | L102: Sum | M102: =SUM(M81:M101) -> -2.1518114 | N102: =SUM(N81:N101) -> -2.1696152 | O102: =SUM(O81:O101) -> -1.7010047 | P102: =SUM(P81:P101) -> -1.7493248 | Q102: =SUM(Q81:Q101) -> -2.0806995 | R102: =SUM(R81:R101) -> -2.1467374 | V102: Sum | W102: =SUM(W81:W101) -> -2.1339633 | X102: =SUM(X81:X101) -> -2.1614145 | Y102: =SUM(Y81:Y101) -> -1.7092359 | Z102: =SUM(Z81:Z101) -> -1.7557512 | AA102: =SUM(AA81:AA101) -> -2.1064289 | AB102: =SUM(AB81:AB101) -> -2.155793 | AF102: Sum | AG102: =SUM(AG81:AG101) -> -2.1360592 | AH102: =SUM(AH81:AH101) -> -2.0101961 | AI102: =SUM(AI81:AI101) -> -1.7169668 | AJ102: =SUM(AJ81:AJ101) -> -1.7628833 | AK102: =SUM(AK81:AK101) -> -2.0941808 | AL102: =SUM(AL81:AL101) -> -2.1506718 | AP102: Sum | AQ102: =SUM(AQ81:AQ101) -> -2.1415197 | AR102: =SUM(AR81:AR101) -> -2.026562 | AS102: =SUM(AS81:AS101) -> -1.745571 | AT102: =SUM(AT81:AT101) -> -1.7982023 | AU102: =SUM(AU81:AU101) -> -2.1174585 | AV102: =SUM(AV81:AV101) -> -2.1526021
B104: Step 2.2 To calculate the information entropy of the j-th index. | C104: k = 1/ln(m); m=10 countries | F104: =1/LN(21) -> 0.32845874 | G104: =1/LN(10) -> 0.43429448 | L104: Step 2.2 To calculate the information entropy of the j-th index. | M104: k = 1/ln(m); m=10 countries | P104: =1/LN(21) -> 0.32845874 | Q104: =1/LN(10) -> 0.43429448 | V104: Step 2.2 To calculate the information entropy of the j-th index. | W104: k = 1/ln(m); m=10 countries | Z104: =1/LN(21) -> 0.32845874 | AA104: =1/LN(10) -> 0.43429448 | AF104: Step 2.2 To calculate the information entropy of the j-th index. | AG104: k = 1/ln(m); m=10 countries | AJ104: =1/LN(21) -> 0.32845874 | AK104: =1/LN(10) -> 0.43429448 | AP104: Step 2.2 To calculate the information entropy of the j-th index. | AQ104: k = 1/ln(m); m=10 countries | AT104: =1/LN(21) -> 0.32845874 | AU104: =1/LN(10) -> 0.43429448
C105: OPEN | D105: EXPGW | E105: TC | F105: RCA | G105: IIT | H105: DIVER | M105: OPEN | N105: EXPGW | O105: TC | P105: RCA | Q105: IIT | R105: DIVER | W105: OPEN | X105: EXPGW | Y105: TC | Z105: RCA | AA105: IIT | AB105: DIVER | AG105: OPEN | AH105: EXPGW | AI105: TC | AJ105: RCA | AK105: IIT | AL105: DIVER | AQ105: OPEN | AR105: EXPGW | AS105: TC | AT105: RCA | AU105: IIT | AV105: DIVER
B106: ej | C106: =$F$104*C102 -> -0.70356674 | D106: =$F$104*D102 -> -0.62408266 | E106: =$F$104*E102 -> -0.55939678 | F106: =$F$104*F102 -> -0.57570809 | G106: =$F$104*G102 -> -0.68221517 | H106: =$F$104*H102 -> -0.70210173 | L106: ej | M106: =$F$104*M102 -> -0.70678125 | N106: =$F$104*N102 -> -0.71262907 | O106: =$F$104*O102 -> -0.55870986 | P106: =$F$104*P102 -> -0.57458101 | Q106: =$F$104*Q102 -> -0.68342392 | R106: =$F$104*R102 -> -0.70511467 | V106: ej | W106: =$F$104*W102 -> -0.70091889 | X106: =$F$104*X102 -> -0.70993549 | Y106: =$F$104*Y102 -> -0.56141348 | Z106: =$F$104*Z102 -> -0.57669184 | AA106: =$F$104*AA102 -> -0.69187499 | AB106: =$F$104*AB102 -> -0.70808906 | AF106: ej | AG106: =$F$104*AG102 -> -0.70160731 | AH106: =$F$104*AH102 -> -0.66026647 | AI106: =$F$104*AI102 -> -0.56395275 | AJ106: =$F$104*AJ102 -> -0.57903443 | AK106: =$F$104*AK102 -> -0.68785199 | AL106: =$F$104*AL102 -> -0.70640695 | AP106: ej | AQ106: =$F$104*AQ102 -> -0.70340085 | AR106: =$F$104*AR102 -> -0.66564201 | AS106: =$F$104*AS102 -> -0.57334804 | AT106: =$F$104*AT102 -> -0.59063526 | AU106: =$F$104*AU102 -> -0.69549776 | AV106: =$F$104*AV102 -> -0.70704098
B108: Step 2.3: To calculate information entropy redundancy | L108: Step 2.3: To calculate information entropy redundancy | V108: Step 2.3: To calculate information entropy redundancy | AF108: Step 2.3: To calculate information entropy redundancy | AP108: Step 2.3: To calculate information entropy redundancy
C109: OPEN | D109: EXPGW | E109: TC | F109: RCA | G109: IIT | H109: DIVER | I109: sum | M109: OPEN | N109: EXPGW | O109: TC | P109: RCA | Q109: IIT | R109: DIVER | W109: OPEN | X109: EXPGW | Y109: TC | Z109: RCA | AA109: IIT | AB109: DIVER | AG109: OPEN | AH109: EXPGW | AI109: TC | AJ109: RCA | AK109: IIT | AL109: DIVER | AQ109: OPEN | AR109: EXPGW | AS109: TC | AT109: RCA | AU109: IIT | AV109: DIVER
B110: dj=1-ej | C110: =1-C106 -> 1.7035667 | D110: =1-D106 -> 1.6240827 | E110: =1-E106 -> 1.5593968 | F110: =1-F106 -> 1.5757081 | G110: =1-G106 -> 1.6822152 | H110: =1-H106 -> 1.7021017 | I110: =SUM(C110:H110) -> 9.8470712 | L110: dj=1-ej | M110: =1-M106 -> 1.7067812 | N110: =1-N106 -> 1.7126291 | O110: =1-O106 -> 1.5587099 | P110: =1-P106 -> 1.574581 | Q110: =1-Q106 -> 1.6834239 | R110: =1-R106 -> 1.7051147 | S110: =SUM(M110:R110) -> 9.9412398 | V110: dj=1-ej | W110: =1-W106 -> 1.7009189 | X110: =1-X106 -> 1.7099355 | Y110: =1-Y106 -> 1.5614135 | Z110: =1-Z106 -> 1.5766918 | AA110: =1-AA106 -> 1.691875 | AB110: =1-AB106 -> 1.7080891 | AC110: =SUM(W110:AB110) -> 9.9489238 | AF110: dj=1-ej | AG110: =1-AG106 -> 1.7016073 | AH110: =1-AH106 -> 1.6602665 | AI110: =1-AI106 -> 1.5639527 | AJ110: =1-AJ106 -> 1.5790344 | AK110: =1-AK106 -> 1.687852 | AL110: =1-AL106 -> 1.706407 | AM110: =SUM(AG110:AL110) -> 9.8991199 | AP110: dj=1-ej | AQ110: =1-AQ106 -> 1.7034008 | AR110: =1-AR106 -> 1.665642 | AS110: =1-AS106 -> 1.573348 | AT110: =1-AT106 -> 1.5906353 | AU110: =1-AU106 -> 1.6954978 | AV110: =1-AV106 -> 1.707041 | AW110: =SUM(AQ110:AV110) -> 9.9355649
B112: Step 3: To calculate index weight. | L112: Step 3: To calculate index weight. | V112: Step 3: To calculate index weight. | AF112: Step 3: To calculate index weight. | AP112: Step 3: To calculate index weight.
B113: wj | C113: =+C110/$I110 -> 0.17300238 | D113: =+D110/$I110 -> 0.16493053 | E113: =+E110/$I110 -> 0.15836148 | F113: =+F110/$I110 -> 0.16001794 | G113: =+G110/$I110 -> 0.17083406 | H113: =+H110/$I110 -> 0.1728536 | I113: =SUM(C113:H113) -> 1 | L113: wj | M113: =+M110/$I110 -> 0.17332882 | N113: =+N110/$I110 -> 0.17392269 | O113: =+O110/$I110 -> 0.15829172 | P113: =+P110/$I110 -> 0.15990349 | Q113: =+Q110/$I110 -> 0.17095682 | R113: =+R110/$I110 -> 0.17315958 | S113: =SUM(M113:R113) -> 1.0095631 | V113: wj | W113: =+W110/$I110 -> 0.17273348 | X113: =+X110/$I110 -> 0.17364914 | Y113: =+Y110/$I110 -> 0.15856628 | Z113: =+Z110/$I110 -> 0.16011785 | AA113: =+AA110/$I110 -> 0.17181505 | AB113: =+AB110/$I110 -> 0.17346164 | AC113: =SUM(W113:AB113) -> 1.0103434 | AF113: wj | AG113: =+AG110/$I110 -> 0.17280339 | AH113: =+AH110/$I110 -> 0.16860511 | AI113: =+AI110/$I110 -> 0.15882415 | AJ113: =+AJ110/$I110 -> 0.16035574 | AK113: =+AK110/$I110 -> 0.1714065 | AL113: =+AL110/$I110 -> 0.17329081 | AM113: =SUM(AG113:AL113) -> 1.0052857 | AP113: wj | AQ113: =+AQ110/$I110 -> 0.17298553 | AR113: =+AR110/$I110 -> 0.16915101 | AS113: =+AS110/$I110 -> 0.15977827 | AT113: =+AT110/$I110 -> 0.16153384 | AU113: =+AU110/$I110 -> 0.17218295 | AV113: =+AV110/$I110 -> 0.1733552 | AW113: =SUM(AQ113:AV113) -> 1.0089868
B115: Step 4: To construct the index | L115: Step 4: To construct the index | V115: Step 4: To construct the index | AF115: Step 4: To construct the index | AP115: Step 4: To construct the index
B116: Trade potential index | C116: OPEN | D116: EXPGW | E116: TC | F116: RCA | G116: IIT | H116: DIVER | I116: TPI | J116: rank | L116: Economy | M116: OPEN | N116: EXPGW | O116: TC | P116: RCA | Q116: IIT | R116: DIVER | S116: TPI | T116: rank | V116: Economy | W116: OPEN | X116: EXPGW | Y116: TC | Z116: RCA | AA116: IIT | AB116: DIVER | AC116: TPI | AD116: rank | AF116: Economy | AG116: OPEN | AH116: EXPGW | AI116: TC | AJ116: RCA | AK116: IIT | AL116: DIVER | AM116: TPI | AN116: rank | AP116: Economy | AQ116: OPEN | AR116: EXPGW | AS116: TC | AT116: RCA | AU116: IIT | AV116: DIVER | AW116: TPI | AX116: rank
B117: Finland | C117: =C$113*C30 -> 0.088338762 | D117: =D$113*D30 -> 0.0143922 | E117: =E$113*E30 -> 0.0010757791 | F117: =F$113*F30 -> 0.0066938433 | G117: =G$113*G30 -> 0.038539378 | H117: =H$113*H30 -> 0.083362021 | I117: =SUM(C117:H117)*100 -> 23.240198 | J117: =RANK(I117,$I$117:$I$137,0) -> 9 | L117: Finland | M117: =M$113*M30 -> 0.10636434 | N117: =N$113*N30 -> 0.12635598 | O117: =O$113*O30 -> 0.0011425976 | P117: =P$113*P30 -> 0.0071112392 | Q117: =Q$113*Q30 -> 0.04089024 | R117: =R$113*R30 -> 0.085368882 | S117: =SUM(M117:R117)*100 -> 36.723327 | T117: =RANK(S117,$S$117:$S$126,0) -> 8 | V117: Finland | W117: =W$113*W30 -> 0.095013749 | X117: =X$113*X30 -> 0.11299897 | Y117: =Y$113*Y30 -> 0.0010635246 | Z117: =Z$113*Z30 -> 0.0059689132 | AA117: =AA$113*AA30 -> 0.048011491 | AB117: =AB$113*AB30 -> 0.088488875 | AC117: =SUM(W117:AB117)*100 -> 35.154553 | AD117: =RANK(AC117,$AC$117:$AC$126,0) -> 8 | AF117: Finland | AG117: =AG$113*AG30 -> 0.084152534 | AH117: =AH$113*AH30 -> 0.017463085 | AI117: =AI$113*AI30 -> 0.0010075229 | AJ117: =AJ$113*AJ30 -> 0.0059183256 | AK117: =AK$113*AK30 -> 0.039333707 | AL117: =AL$113*AL30 -> 0.08526031 | AM117: =SUM(AG117:AL117)*100 -> 23.313549 | AN117: =RANK(AM117,$AM$117:$AM$126,0) -> 10 | AP117: Finland | AQ117: =AQ$113*AQ30 -> 0.09698821 | AR117: =AR$113*AR30 -> 0.1136474 | AS117: =AS$113*AS30 -> 0.0012329946 | AT117: =AT$113*AT30 -> 0.0077535761 | AU117: =AU$113*AU30 -> 0.051369038 | AV117: =AV$113*AV30 -> 0.086520859 | AW117: =SUM(AQ117:AV117)*100 -> 35.751208 | AX117: =RANK(AW117,$AW$117:$AW$126,0) -> 8
B118: France | C118: =C$113*C31 -> 0.068715534 | D118: =D$113*D31 -> 0.084664393 | E118: =E$113*E31 -> 0.083669194 | F118: =F$113*F31 -> 0.088309974 | G118: =G$113*G31 -> 0.17083406 | H118: =H$113*H31 -> 0.13822159 | I118: =SUM(C118:H118)*100 -> 63.441474 | J118: =RANK(I118,$I$117:$I$137,0) -> 2 | L118: France | M118: =M$113*M31 -> 0.074304377 | N118: =N$113*N31 -> 0.17392269 | O118: =O$113*O31 -> 0.076014322 | P118: =P$113*P31 -> 0.080924446 | Q118: =Q$113*Q31 -> 0.17095682 | R118: =R$113*R31 -> 0.1425842 | S118: =SUM(M118:R118)*100 -> 71.870684 | T118: =RANK(S118,$S$117:$S$126,0) -> 2 | V118: France | W118: =W$113*W31 -> 0.062526273 | X118: =X$113*X31 -> 0.081252687 | Y118: =Y$113*Y31 -> 0.062776575 | Z118: =Z$113*Z31 -> 0.065336017 | AA118: =AA$113*AA31 -> 0.17181505 | AB118: =AB$113*AB31 -> 0.1447467 | AC118: =SUM(W118:AB118)*100 -> 58.84533 | AD118: =RANK(AC118,$AC$117:$AC$126,0) -> 3 | AF118: France | AG118: =AG$113*AG31 -> 0.060197615 | AH118: =AH$113*AH31 -> 0.055962962 | AI118: =AI$113*AI31 -> 0.0655586 | AJ118: =AJ$113*AJ31 -> 0.066503002 | AK118: =AK$113*AK31 -> 0.1714065 | AL118: =AL$113*AL31 -> 0.14097192 | AM118: =SUM(AG118:AL118)*100 -> 56.06006 | AN118: =RANK(AM118,$AM$117:$AM$126,0) -> 4 | AP118: France | AQ118: =AQ$113*AQ31 -> 0.067633189 | AR118: =AR$113*AR31 -> 0.064491405 | AS118: =AS$113*AS31 -> 0.072096547 | AT118: =AT$113*AT31 -> 0.06959826 | AU118: =AU$113*AU31 -> 0.17218295 | AV118: =AV$113*AV31 -> 0.14420143 | AW118: =SUM(AQ118:AV118)*100 -> 59.020378 | AX118: =RANK(AW118,$AW$117:$AW$126,0) -> 3
B119: Germany | C119: =C$113*C32 -> 0.12962248 | D119: =D$113*D32 -> 0.039710194 | E119: =E$113*E32 -> 0.085573908 | F119: =F$113*F32 -> 0.032420355 | G119: =G$113*G32 -> 0.14946057 | H119: =H$113*H32 -> 0.14036693 | I119: =SUM(C119:H119)*100 -> 57.715444 | J119: =RANK(I119,$I$117:$I$137,0) -> 3 | L119: Germany | M119: =M$113*M32 -> 0.14408485 | N119: =N$113*N32 -> 0.11111974 | O119: =O$113*O32 -> 0.085455955 | P119: =P$113*P32 -> 0.032095552 | Q119: =Q$113*Q32 -> 0.14799079 | R119: =R$113*R32 -> 0.15045509 | S119: =SUM(M119:R119)*100 -> 67.120198 | T119: =RANK(S119,$S$117:$S$126,0) -> 3 | V119: Germany | W119: =W$113*W32 -> 0.13391852 | X119: =X$113*X32 -> 0.085147119 | Y119: =Y$113*Y32 -> 0.083212083 | Z119: =Z$113*Z32 -> 0.029597618 | AA119: =AA$113*AA32 -> 0.16748224 | AB119: =AB$113*AB32 -> 0.15558805 | AC119: =SUM(W119:AB119)*100 -> 65.494564 | AD119: =RANK(AC119,$AC$117:$AC$126,0) -> 2 | AF119: Germany | AG119: =AG$113*AG32 -> 0.12891757 | AH119: =AH$113*AH32 -> 0.10196778 | AI119: =AI$113*AI32 -> 0.085782324 | AJ119: =AJ$113*AJ32 -> 0.029433848 | AK119: =AK$113*AK32 -> 0.16257214 | AL119: =AL$113*AL32 -> 0.15051369 | AM119: =SUM(AG119:AL119)*100 -> 65.918735 | AN119: =RANK(AM119,$AM$117:$AM$126,0) -> 2 | AP119: Germany | AQ119: =AQ$113*AQ32 -> 0.14060888 | AR119: =AR$113*AR32 -> 0.06997017 | AS119: =AS$113*AS32 -> 0.084575953 | AT119: =AT$113*AT32 -> 0.029527787 | AU119: =AU$113*AU32 -> 0.16378669 | AV119: =AV$113*AV32 -> 0.15109802 | AW119: =SUM(AQ119:AV119)*100 -> 63.95675 | AX119: =RANK(AW119,$AW$117:$AW$126,0) -> 2
B120: Iceland | C120: =C$113*C33 -> 0.085976527 | D120: =D$113*D33 -> 0.10844455 | E120: =E$113*E33 -> 0 | F120: =F$113*F33 -> 0 | G120: =G$113*G33 -> 0 | H120: =H$113*H33 -> 0 | I120: =SUM(C120:H120)*100 -> 19.442108 | J120: =RANK(I120,$I$117:$I$137,0) -> 10 | L120: Iceland | M120: =M$113*M33 -> 0.09613082 | N120: =N$113*N33 -> 0.082320309 | O120: =O$113*O33 -> 0 | P120: =P$113*P33 -> 0 | Q120: =Q$113*Q33 -> 0 | R120: =R$113*R33 -> 0 | S120: =SUM(M120:R120)*100 -> 17.845113 | T120: =RANK(S120,$S$117:$S$126,0) -> 10 | V120: Iceland | W120: =W$113*W33 -> 0.088446136 | X120: =X$113*X33 -> 0.17364914 | Y120: =Y$113*Y33 -> 0 | Z120: =Z$113*Z33 -> 0 | AA120: =AA$113*AA33 -> 0 | AB120: =AB$113*AB33 -> 0 | AC120: =SUM(W120:AB120)*100 -> 26.209528 | AD120: =RANK(AC120,$AC$117:$AC$126,0) -> 10 | AF120: Iceland | AG120: =AG$113*AG33 -> 0.079730269 | AH120: =AH$113*AH33 -> 0.16860511 | AI120: =AI$113*AI33 -> 0 | AJ120: =AJ$113*AJ33 -> 0 | AK120: =AK$113*AK33 -> 0 | AL120: =AL$113*AL33 -> 0 | AM120: =SUM(AG120:AL120)*100 -> 24.833537 | AN120: =RANK(AM120,$AM$117:$AM$126,0) -> 9 | AP120: Iceland | AQ120: =AQ$113*AQ33 -> 0.078425599 | AR120: =AR$113*AR33 -> 0.16915101 | AS120: =AS$113*AS33 -> 0 | AT120: =AT$113*AT33 -> 0 | AU120: =AU$113*AU33 -> 0 | AV120: =AV$113*AV33 -> 0 | AW120: =SUM(AQ120:AV120)*100 -> 24.757661 | AX120: =RANK(AW120,$AW$117:$AW$126,0) -> 10
B121: Italy | C121: =C$113*C34 -> 0.099702429 | D121: =D$113*D34 -> 0.039276801 | E121: =E$113*E34 -> 0.15836148 | F121: =F$113*F34 -> 0.16001794 | G121: =G$113*G34 -> 0.10822843 | H121: =H$113*H34 -> 0.12780133 | I121: =SUM(C121:H121)*100 -> 69.338842 | J121: =RANK(I121,$I$117:$I$137,0) -> 1 | L121: Italy | M121: =M$113*M34 -> 0.10921255 | N121: =N$113*N34 -> 0.10132097 | O121: =O$113*O34 -> 0.15829172 | P121: =P$113*P34 -> 0.15990349 | Q121: =Q$113*Q34 -> 0.1149274 | R121: =R$113*R34 -> 0.13531876 | S121: =SUM(M121:R121)*100 -> 77.897489 | T121: =RANK(S121,$S$117:$S$126,0) -> 1 | V121: Italy | W121: =W$113*W34 -> 0.090681564 | X121: =X$113*X34 -> 0.094001117 | Y121: =Y$113*Y34 -> 0.15856628 | Z121: =Z$113*Z34 -> 0.16011785 | AA121: =AA$113*AA34 -> 0.11150284 | AB121: =AB$113*AB34 -> 0.14035156 | AC121: =SUM(W121:AB121)*100 -> 75.522121 | AD121: =RANK(AC121,$AC$117:$AC$126,0) -> 1 | AF121: Italy | AG121: =AG$113*AG34 -> 0.082711805 | AH121: =AH$113*AH34 -> 0.093090021 | AI121: =AI$113*AI34 -> 0.15882415 | AJ121: =AJ$113*AJ34 -> 0.16035574 | AK121: =AK$113*AK34 -> 0.11312125 | AL121: =AL$113*AL34 -> 0.13481594 | AM121: =SUM(AG121:AL121)*100 -> 74.291892 | AN121: =RANK(AM121,$AM$117:$AM$126,0) -> 1 | AP121: Italy | AQ121: =AQ$113*AQ34 -> 0.085636631 | AR121: =AR$113*AR34 -> 0.074605301 | AS121: =AS$113*AS34 -> 0.15977827 | AT121: =AT$113*AT34 -> 0.16153384 | AU121: =AU$113*AU34 -> 0.12350261 | AV121: =AV$113*AV34 -> 0.13667788 | AW121: =SUM(AQ121:AV121)*100 -> 74.173453 | AX121: =RANK(AW121,$AW$117:$AW$126,0) -> 1
B122: Spain | C122: =C$113*C35 -> 0.090999238 | D122: =D$113*D35 -> 0.072541933 | E122: =E$113*E35 -> 0.026252007 | F122: =F$113*F35 -> 0.040907599 | G122: =G$113*G35 -> 0.14546289 | H122: =H$113*H35 -> 0.13147907 | I122: =SUM(C122:H122)*100 -> 50.764274 | J122: =RANK(I122,$I$117:$I$137,0) -> 4 | L122: Spain | M122: =M$113*M35 -> 0.10666271 | N122: =N$113*N35 -> 0.11633329 | O122: =O$113*O35 -> 0.024446169 | P122: =P$113*P35 -> 0.036899789 | Q122: =Q$113*Q35 -> 0.14579578 | R122: =R$113*R35 -> 0.13471331 | S122: =SUM(M122:R122)*100 -> 56.485105 | T122: =RANK(S122,$S$117:$S$126,0) -> 5 | V122: Spain | W122: =W$113*W35 -> 0.094826218 | X122: =X$113*X35 -> 0.11525036 | Y122: =Y$113*Y35 -> 0.023454036 | Z122: =Z$113*Z35 -> 0.035367648 | AA122: =AA$113*AA35 -> 0.16905002 | AB122: =AB$113*AB35 -> 0.13654244 | AC122: =SUM(W122:AB122)*100 -> 57.449072 | AD122: =RANK(AC122,$AC$117:$AC$126,0) -> 4 | AF122: Spain | AG122: =AG$113*AG35 -> 0.086683454 | AH122: =AH$113*AH35 -> 0.019100974 | AI122: =AI$113*AI35 -> 0.021998081 | AJ122: =AJ$113*AJ35 -> 0.033943633 | AK122: =AK$113*AK35 -> 0.15891137 | AL122: =AL$113*AL35 -> 0.13881733 | AM122: =SUM(AG122:AL122)*100 -> 45.945484 | AN122: =RANK(AM122,$AM$117:$AM$126,0) -> 5 | AP122: Spain | AQ122: =AQ$113*AQ35 -> 0.087929265 | AR122: =AR$113*AR35 -> 0.016692561 | AS122: =AS$113*AS35 -> 0.026661023 | AT122: =AT$113*AT35 -> 0.041828724 | AU122: =AU$113*AU35 -> 0.16061282 | AV122: =AV$113*AV35 -> 0.14169358 | AW122: =SUM(AQ122:AV122)*100 -> 47.541798 | AX122: =RANK(AW122,$AW$117:$AW$126,0) -> 5
B123: Sweden | C123: =C$113*C36 -> 0.11765976 | D123: =D$113*D36 -> 0.053632107 | E123: =E$113*E36 -> 0.012936435 | F123: =F$113*F36 -> 0.04292165 | G123: =G$113*G36 -> 0.15342986 | H123: =H$113*H36 -> 0.12657542 | I123: =SUM(C123:H123)*100 -> 50.715523 | J123: =RANK(I123,$I$117:$I$137,0) -> 5 | L123: Sweden | M123: =M$113*M36 -> 0.11359444 | N123: =N$113*N36 -> 0.12422446 | O123: =O$113*O36 -> 0.012535791 | P123: =P$113*P36 -> 0.040751021 | Q123: =Q$113*Q36 -> 0.15373806 | R123: =R$113*R36 -> 0.13531876 | S123: =SUM(M123:R123)*100 -> 58.016252 | T123: =RANK(S123,$S$117:$S$126,0) -> 4 | V123: Sweden | W123: =W$113*W36 -> 0.10128683 | X123: =X$113*X36 -> 0.10558749 | Y123: =Y$113*Y36 -> 0.011764702 | Z123: =Z$113*Z36 -> 0.036725684 | AA123: =AA$113*AA36 -> 0.16413927 | AB123: =AB$113*AB36 -> 0.13976554 | AC123: =SUM(W123:AB123)*100 -> 55.926952 | AD123: =RANK(AC123,$AC$117:$AC$126,0) -> 5 | AF123: Sweden | AG123: =AG$113*AG36 -> 0.1013059 | AH123: =AH$113*AH36 -> 0.14151186 | AI123: =AI$113*AI36 -> 0.011365819 | AJ123: =AJ$113*AJ36 -> 0.035413737 | AK123: =AK$113*AK36 -> 0.16625501 | AL123: =AL$113*AL36 -> 0.13512374 | AM123: =SUM(AG123:AL123)*100 -> 59.097607 | AN123: =RANK(AM123,$AM$117:$AM$126,0) -> 3 | AP123: Sweden | AQ123: =AQ$113*AQ36 -> 0.11211155 | AR123: =AR$113*AR36 -> 0.12631823 | AS123: =AS$113*AS36 -> 0.010291569 | AT123: =AT$113*AT36 -> 0.033510517 | AU123: =AU$113*AU36 -> 0.15179785 | AV123: =AV$113*AV36 -> 0.13542395 | AW123: =SUM(AQ123:AV123)*100 -> 56.945367 | AX123: =RANK(AW123,$AW$117:$AW$126,0) -> 4
B124: Switzerland | C124: =C$113*C37 -> 0.17300238 | D124: =D$113*D37 -> 0.16493053 | E124: =E$113*E37 -> 0.0066590714 | F124: =F$113*F37 -> 0.0084873098 | G124: =G$113*G37 -> 0.076615643 | H124: =H$113*H37 -> 0.033406104 | I124: =SUM(C124:H124)*100 -> 46.310104 | J124: =RANK(I124,$I$117:$I$137,0) -> 6 | L124: Switzerland | M124: =M$113*M37 -> 0.17332882 | N124: =N$113*N37 -> 0.076385891 | O124: =O$113*O37 -> 0.0052083362 | P124: =P$113*P37 -> 0.0068222488 | Q124: =Q$113*Q37 -> 0.069474789 | R124: =R$113*R37 -> 0.042381715 | S124: =SUM(M124:R124)*100 -> 37.36018 | T124: =RANK(S124,$S$117:$S$126,0) -> 7 | V124: Switzerland | W124: =W$113*W37 -> 0.17273348 | X124: =X$113*X37 -> 0.085259324 | Y124: =Y$113*Y37 -> 0.0056294062 | Z124: =Z$113*Z37 -> 0.0069422523 | AA124: =AA$113*AA37 -> 0.079301176 | AB124: =AB$113*AB37 -> 0.052741713 | AC124: =SUM(W124:AB124)*100 -> 40.260735 | AD124: =RANK(AC124,$AC$117:$AC$126,0) -> 7 | AF124: Switzerland | AG124: =AG$113*AG37 -> 0.17280339 | AH124: =AH$113*AH37 -> 0.11064431 | AI124: =AI$113*AI37 -> 0.0058061641 | AJ124: =AJ$113*AJ37 -> 0.0072552093 | AK124: =AK$113*AK37 -> 0.078777984 | AL124: =AL$113*AL37 -> 0.04709324 | AM124: =SUM(AG124:AL124)*100 -> 42.23803 | AN124: =RANK(AM124,$AM$117:$AM$126,0) -> 7 | AP124: Switzerland | AQ124: =AQ$113*AQ37 -> 0.17298553 | AR124: =AR$113*AR37 -> 0.049653069 | AS124: =AS$113*AS37 -> 0.0056168392 | AT124: =AT$113*AT37 -> 0.0081893658 | AU124: =AU$113*AU37 -> 0.080407661 | AV124: =AV$113*AV37 -> 0.049216575 | AW124: =SUM(AQ124:AV124)*100 -> 36.606904 | AX124: =RANK(AW124,$AW$117:$AW$126,0) -> 7
B125: United Kingdom | C125: =C$113*C38 -> 0.050540178 | D125: =D$113*D38 -> 0 | E125: =E$113*E38 -> 0.019761971 | F125: =F$113*F38 -> 0.023821344 | G125: =G$113*G38 -> 0.076922986 | H125: =H$113*H38 -> 0.12596247 | I125: =SUM(C125:H125)*100 -> 29.700894 | J125: =RANK(I125,$I$117:$I$137,0) -> 7 | L125: United Kingdom | M125: =M$113*M38 -> 0.055401938 | N125: =N$113*N38 -> 0.1346485 | O125: =O$113*O38 -> 0.021634157 | P125: =P$113*P38 -> 0.025289134 | Q125: =Q$113*Q38 -> 0.085083389 | R125: =R$113*R38 -> 0.13168604 | S125: =SUM(M125:R125)*100 -> 45.374316 | T125: =RANK(S125,$S$117:$S$126,0) -> 6 | V125: United Kingdom | W125: =W$113*W38 -> 0.044273283 | X125: =X$113*X38 -> 0 | Y125: =Y$113*Y38 -> 0.019739324 | Z125: =Z$113*Z38 -> 0.024044218 | AA125: =AA$113*AA38 -> 0.096328072 | AB125: =AB$113*AB38 -> 0.14679777 | AC125: =SUM(W125:AB125)*100 -> 33.118267 | AD125: =RANK(AC125,$AC$117:$AC$126,0) -> 9 | AF125: United Kingdom | AG125: =AG$113*AG38 -> 0.054284888 | AH125: =AH$113*AH38 -> 0.053743088 | AI125: =AI$113*AI38 -> 0.028299725 | AJ125: =AJ$113*AJ38 -> 0.034425647 | AK125: =AK$113*AK38 -> 0.11065362 | AL125: =AL$113*AL38 -> 0.14558891 | AM125: =SUM(AG125:AL125)*100 -> 42.699587 | AN125: =RANK(AM125,$AM$117:$AM$126,0) -> 6 | AP125: United Kingdom | AQ125: =AQ$113*AQ38 -> 0.058691599 | AR125: =AR$113*AR38 -> 0 | AS125: =AS$113*AS38 -> 0.031298848 | AT125: =AT$113*AT38 -> 0.035098734 | AU125: =AU$113*AU38 -> 0.10585386 | AV125: =AV$113*AV38 -> 0.14702276 | AW125: =SUM(AQ125:AV125)*100 -> 37.796581 | AX125: =RANK(AW125,$AW$117:$AW$126,0) -> 6
B126: United States | C126: =C$113*C39 -> 0 | D126: =D$113*D39 -> 0.00063656588 | E126: =E$113*E39 -> 0.03141591 | F126: =F$113*F39 -> 0.0082440456 | G126: =G$113*G39 -> 0.031384607 | H126: =H$113*H39 -> 0.1728536 | I126: =SUM(C126:H126)*100 -> 24.453473 | J126: =RANK(I126,$I$117:$I$137,0) -> 8 | L126: United States | M126: =M$113*M39 -> 0 | N126: =N$113*N39 -> 0 | O126: =O$113*O39 -> 0.034335901 | P126: =P$113*P39 -> 0.0092503359 | Q126: =Q$113*Q39 -> 0.031888785 | R126: =R$113*R39 -> 0.17315958 | S126: =SUM(M126:R126)*100 -> 24.86346 | T126: =RANK(S126,$S$117:$S$126,0) -> 9 | V126: United States | W126: =W$113*W39 -> 0 | X126: =X$113*X39 -> 0.15770617 | Y126: =Y$113*Y39 -> 0.048941443 | Z126: =Z$113*Z39 -> 0.015217199 | AA126: =AA$113*AA39 -> 0.053279918 | AB126: =AB$113*AB39 -> 0.17346164 | AC126: =SUM(W126:AB126)*100 -> 44.860637 | AD126: =RANK(AC126,$AC$117:$AC$126,0) -> 6 | AF126: United States | AG126: =AG$113*AG39 -> 0 | AH126: =AH$113*AH39 -> 0 | AI126: =AI$113*AI39 -> 0.040714774 | AJ126: =AJ$113*AJ39 -> 0.012472632 | AK126: =AK$113*AK39 -> 0.043260714 | AL126: =AL$113*AL39 -> 0.17329081 | AM126: =SUM(AG126:AL126)*100 -> 26.973893 | AN126: =RANK(AM126,$AM$117:$AM$126,0) -> 8 | AP126: United States | AQ126: =AQ$113*AQ39 -> 0 | AR126: =AR$113*AR39 -> 0.030012115 | AS126: =AS$113*AS39 -> 0.0520898 | AT126: =AT$113*AT39 -> 0.015790306 | AU126: =AU$113*AU39 -> 0.052320473 | AV126: =AV$113*AV39 -> 0.1733552 | AW126: =SUM(AQ126:AV126)*100 -> 32.356789 | AX126: =RANK(AW126,$AW$117:$AW$126,0) -> 9
B141: Trade potential index | C141: 2019 | D141: =+C141+1 -> 2020 | E141: =+D141+1 -> 2021 | F141: =+E141+1 -> 2022 | G141: =+F141+1 -> 2023
B142: Finland | C142: 8 | D142: 10 | E142: 8 | F142: 8 | G142: =+J117 -> 9
B143: France | C143: 3 | D143: 4 | E143: 3 | F143: 2 | G143: =+J118 -> 2
B144: Germany | C144: 2 | D144: 2 | E144: 2 | F144: 3 | G144: =+J119 -> 3
B145: Iceland | C145: 10 | D145: 9 | E145: 10 | F145: 10 | G145: =+J120 -> 10
B146: Italy | C146: 1 | D146: 1 | E146: 1 | F146: 1 | G146: =+J121 -> 1
B147: Spain | C147: 5 | D147: 5 | E147: 4 | F147: 5 | G147: =+J122 -> 4
B148: Sweden | C148: 4 | D148: 3 | E148: 5 | F148: 4 | G148: =+J123 -> 5
B149: Switzerland | C149: 7 | D149: 7 | E149: 7 | F149: 7 | G149: =+J124 -> 6
B150: United Kingdom | C150: 6 | D150: 6 | E150: 9 | F150: 6 | G150: =+J125 -> 7
B151: United States | C151: 9 | D151: 8 | E151: 6 | F151: 9 | G151: =+J126 -> 8
G152: =+J127
G153: =+J128
G154: =+J129
...

Sheet adjusted gdp
A1: gdp | H1: gdp
A2: 2018 | B2: =+A2+1 -> 2019 | C2: =+B2+1 -> 2020 | D2: =+C2+1 -> 2021 | E2: =+D2+1 -> 2022 | F2: =+E2+1 -> 2023 | H2: 2018 | I2: =+H2+1 -> 2019 | J2: =+I2+1 -> 2020 | K2: =+J2+1 -> 2021 | L2: =+K2+1 -> 2022 | M2: =+L2+1 -> 2023
A3: 276000000 | B3: 269000000 | C3: 272000000 | D3: 297000000 | E3: 283000000 | F3: 304000000 | H3: =A3*1000 -> 276000000000 | I3: =B3*1000 -> 269000000000 | J3: =C3*1000 -> 272000000000 | K3: =D3*1000 -> 297000000000 | L3: =E3*1000 -> 283000000000 | M3: =F3*1000 -> 304000000000
A4: 2790000000 | B4: 2730000000 | C4: 2650000000 | D4: 2960000000 | E4: 2780000000 | F4: 3040000000 | H4: =A4*1000 -> 2790000000000 | I4: =B4*1000 -> 2730000000000 | J4: =C4*1000 -> 2650000000000 | K4: =D4*1000 -> 2960000000000 | L4: =E4*1000 -> 2780000000000 | M4: =F4*1000 -> 3040000000000
A5: 3970000000 | B5: 3890000000 | C5: 3890000000 | D5: 4280000000 | E5: 4080000000 | F5: 4460000000 | H5: =A5*1000 -> 3970000000000 | I5: =B5*1000 -> 3890000000000 | J5: =C5*1000 -> 3890000000000 | K5: =D5*1000 -> 4280000000000 | L5: =E5*1000 -> 4080000000000 | M5: =F5*1000 -> 4460000000000
A6: 26260851 | B6: 24681344 | C6: 21565768 | D6: 25595940 | E6: 28064530 | F6: 30447193 | H6: =A6*1000 -> 26260851000 | I6: =B6*1000 -> 24681344000 | J6: =C6*1000 -> 21565768000 | K6: =D6*1000 -> 25595940000 | L6: =E6*1000 -> 28064530000 | M6: =F6*1000 -> 30447193000
A7: 2090000000 | B7: 2010000000 | C7: 1900000000 | D7: 2160000000 | E7: 2050000000 | F7: 2230000000 | H7: =A7*1000 -> 2090000000000 | I7: =B7*1000 -> 2010000000000 | J7: =C7*1000 -> 1900000000000 | K7: =D7*1000 -> 2160000000000 | L7: =E7*1000 -> 2050000000000 | M7: =F7*1000 -> 2230000000000
A8: 1420000000 | B8: 1390000000 | C8: 1280000000 | D8: 1450000000 | E8: 1420000000 | F8: 1600000000 | H8: =A8*1000 -> 1420000000000 | I8: =B8*1000 -> 1390000000000 | J8: =C8*1000 -> 1280000000000 | K8: =D8*1000 -> 1450000000000 | L8: =E8*1000 -> 1420000000000 | M8: =F8*1000 -> 1600000000000
A9: 555000000 | B9: 534000000 | C9: 547000000 | D9: 640000000 | E9: 591000000 | F9: 590000000 | H9: =A9*1000 -> 555000000000 | I9: =B9*1000 -> 534000000000 | J9: =C9*1000 -> 547000000000 | K9: =D9*1000 -> 640000000000 | L9: =E9*1000 -> 591000000000 | M9: =F9*1000 -> 590000000000
A10: 726000000 | B10: 721000000 | C10: 742000000 | D10: 813000000 | E10: 818000000 | F10: 887000000 | H10: =A10*1000 -> 726000000000 | I10: =B10*1000 -> 721000000000 | J10: =C10*1000 -> 742000000000 | K10: =D10*1000 -> 813000000000 | L10: =E10*1000 -> 818000000000 | M10: =F10*1000 -> 887000000000
A11: 2870000000 | B11: 2850000000 | C11: 2700000000 | D11: 3140000000 | E11: 3090000000 | F11: 3340000000 | H11: =A11*1000 -> 2870000000000 | I11: =B11*1000 -> 2850000000000 | J11: =C11*1000 -> 2700000000000 | K11: =D11*1000 -> 3140000000000 | L11: =E11*1000 -> 3090000000000 | M11: =F11*1000 -> 3340000000000
A12: 20700000000 | B12: 21500000000 | C12: 21300000000 | D12: 23600000000 | E12: 25700000000 | F12: 27300000000 | H12: =A12*1000 -> 20700000000000 | I12: =B12*1000 -> 21500000000000 | J12: =C12*1000 -> 21300000000000 | K12: =D12*1000 -> 23600000000000 | L12: =E12*1000 -> 25700000000000 | M12: =F12*1000 -> 27300000000000
A13: 86600000000 | B13: 87700000000 | C13: 85500000000 | D13: 97300000000 | E13: 101000000000 | F13: 105000000000 | H13: =A13*1000 -> 86600000000000 | I13: =B13*1000 -> 87700000000000 | J13: =C13*1000 -> 85500000000000 | K13: =D13*1000 -> 97300000000000 | L13: =E13*1000 -> 101000000000000 | M13: =F13*1000 -> 105000000000000
